start_time,open_price,high_price,low_price,close_price,volume,turnover,category,symbol,interval,resistance,support,dtt
1663286400000,1.32,1.6953,1.32,1.6746,19283.91,31699.064386,spot,INJUSDT,D,,,2022-09-16 00:00:00+00:00
1663372800000,1.6746,1.7072,1.641,1.692,21987.96,36674.037942,spot,INJUSDT,D,1.6746,1.6746,2022-09-17 00:00:00+00:00
1663459200000,1.692,1.696,1.4313,1.4519,12025.84,19094.881248,spot,INJUSDT,D,1.692,1.6746,2022-09-18 00:00:00+00:00
1663545600000,1.4519,1.6406,1.4229,1.5771,30839.12,47713.398592,spot,INJUSDT,D,1.692,1.4519,2022-09-19 00:00:00+00:00
1663632000000,1.5771,1.6467,1.5094,1.5241,18246.62,28875.431056,spot,INJUSDT,D,1.692,1.4519,2022-09-20 00:00:00+00:00
1663718400000,1.5241,1.5829,1.4427,1.4612,7853.99,11885.788686,spot,INJUSDT,D,1.692,1.4519,2022-09-21 00:00:00+00:00
1663804800000,1.4612,1.5487,1.4592,1.5289,11694.36,17693.497423,spot,INJUSDT,D,1.692,1.4519,2022-09-22 00:00:00+00:00
1663891200000,1.5289,1.6478,1.4702,1.5733,13488.91,20939.828208,spot,INJUSDT,D,1.692,1.4519,2022-09-23 00:00:00+00:00
1663977600000,1.5733,1.6911,1.5421,1.649,39658.51,64181.410828,spot,INJUSDT,D,1.692,1.4519,2022-09-24 00:00:00+00:00
1664064000000,1.649,1.9917,1.6075,1.7954,33912.37,59590.619442,spot,INJUSDT,D,1.692,1.4519,2022-09-25 00:00:00+00:00
1664150400000,1.7954,1.9386,1.6901,1.7873,41903.16,75156.979315,spot,INJUSDT,D,1.7954,1.4519,2022-09-26 00:00:00+00:00
1664236800000,1.7873,1.8472,1.713,1.747,31951.66,56833.13134,spot,INJUSDT,D,1.7954,1.4519,2022-09-27 00:00:00+00:00
1664323200000,1.747,1.7479,1.623,1.7074,18809.19,31740.855804,spot,INJUSDT,D,1.7954,1.4519,2022-09-28 00:00:00+00:00
1664409600000,1.7074,1.7203,1.634,1.6816,8040.63,13457.800225,spot,INJUSDT,D,1.7954,1.4519,2022-09-29 00:00:00+00:00
1664496000000,1.6816,1.7521,1.6363,1.705,29183.93,49459.137229,spot,INJUSDT,D,1.7954,1.4519,2022-09-30 00:00:00+00:00
1664582400000,1.705,1.7209,1.64,1.6531,10574.46,17766.802937,spot,INJUSDT,D,1.7954,1.4519,2022-10-01 00:00:00+00:00
1664668800000,1.6531,1.6827,1.5526,1.5668,8969.9,14766.792272,spot,INJUSDT,D,1.7954,1.4519,2022-10-02 00:00:00+00:00
1664755200000,1.5668,1.744,1.5612,1.7169,25170.93,41386.575689,spot,INJUSDT,D,1.7954,1.4519,2022-10-03 00:00:00+00:00
1664841600000,1.7169,1.88,1.689,1.801,46362.05,82639.679534,spot,INJUSDT,D,1.7954,1.4519,2022-10-04 00:00:00+00:00
1664928000000,1.801,1.989,1.7519,1.9201,48124.25,90444.550768,spot,INJUSDT,D,1.801,1.4519,2022-10-05 00:00:00+00:00
1665014400000,1.9201,1.9239,1.8213,1.8306,14233.9,26912.97895,spot,INJUSDT,D,1.9201,1.4519,2022-10-06 00:00:00+00:00
1665100800000,1.8306,2.04,1.8237,1.9959,29081.75,56067.120167,spot,INJUSDT,D,1.9201,1.4519,2022-10-07 00:00:00+00:00
1665187200000,1.9959,2.0527,1.9528,1.9854,31804.85,64022.849476,spot,INJUSDT,D,1.9959,1.4519,2022-10-08 00:00:00+00:00
1665273600000,1.9854,2.0113,1.8897,1.9137,21592.88,41873.251792,spot,INJUSDT,D,1.9959,1.4612,2022-10-09 00:00:00+00:00
1665360000000,1.9137,1.9539,1.7545,1.7581,26482.41,49860.679959,spot,INJUSDT,D,1.9959,1.4612,2022-10-10 00:00:00+00:00
1665446400000,1.7581,1.9122,1.705,1.8211,18472.62,34066.057854,spot,INJUSDT,D,1.9959,1.4612,2022-10-11 00:00:00+00:00
1665532800000,1.8211,1.8449,1.757,1.7899,10908.7,19530.004547,spot,INJUSDT,D,1.9959,1.5289,2022-10-12 00:00:00+00:00
1665619200000,1.7899,1.7915,1.57,1.7404,15312.29,25910.592898,spot,INJUSDT,D,1.9959,1.5668,2022-10-13 00:00:00+00:00
1665705600000,1.7404,1.8901,1.7229,1.7689,17675.86,32256.514124,spot,INJUSDT,D,1.9959,1.5668,2022-10-14 00:00:00+00:00
1665792000000,1.7689,1.7891,1.7176,1.752,19768.44,34644.041686,spot,INJUSDT,D,1.9959,1.5668,2022-10-15 00:00:00+00:00
1665878400000,1.752,1.9518,1.752,1.9062,21861.97,41018.458614,spot,INJUSDT,D,1.9959,1.5668,2022-10-16 00:00:00+00:00
1665964800000,1.9062,2.2305,1.8824,2.0999,40895.64,85561.613702,spot,INJUSDT,D,1.9959,1.5668,2022-10-17 00:00:00+00:00
1666051200000,2.0999,2.1751,2.0367,2.086,40174.85,83260.113057,spot,INJUSDT,D,2.0999,1.5668,2022-10-18 00:00:00+00:00
1666137600000,2.086,2.0896,1.9639,1.9875,101184.12,207659.40887,spot,INJUSDT,D,2.0999,1.5668,2022-10-19 00:00:00+00:00
1666224000000,1.9875,2.043,1.84,1.8733,11184.18,21523.386864,spot,INJUSDT,D,2.0999,1.5668,2022-10-20 00:00:00+00:00
1666310400000,1.8733,1.9334,1.7718,1.9086,21919.57,41198.384934,spot,INJUSDT,D,2.0999,1.5668,2022-10-21 00:00:00+00:00
1666396800000,1.9086,2.0,1.8279,1.9136,24736.0,46667.847806,spot,INJUSDT,D,2.0999,1.5668,2022-10-22 00:00:00+00:00
1666483200000,1.9136,2.0,1.897,1.9649,19156.76,37374.932353,spot,INJUSDT,D,2.0999,1.7169,2022-10-23 00:00:00+00:00
1666569600000,1.9649,1.9649,1.8586,1.9054,12380.37,23529.84813,spot,INJUSDT,D,2.0999,1.7404,2022-10-24 00:00:00+00:00
1666656000000,1.9054,2.0662,1.8897,1.9664,21247.13,41763.885579,spot,INJUSDT,D,2.0999,1.7404,2022-10-25 00:00:00+00:00
1666742400000,1.9664,2.176,1.9335,2.0635,28317.99,59052.669334,spot,INJUSDT,D,2.0999,1.7404,2022-10-26 00:00:00+00:00
1666828800000,2.0635,2.2267,2.0052,2.0256,42478.04,89520.098613,spot,INJUSDT,D,2.0999,1.7404,2022-10-27 00:00:00+00:00
1666915200000,2.0256,2.1,1.9081,2.0668,19036.2,38553.523331,spot,INJUSDT,D,2.0999,1.7404,2022-10-28 00:00:00+00:00
1667001600000,2.0668,2.45,2.0401,2.3514,56238.57,127720.246109,spot,INJUSDT,D,2.0999,1.7404,2022-10-29 00:00:00+00:00
1667088000000,2.3514,2.4529,2.1472,2.193,67342.4,153810.227036,spot,INJUSDT,D,2.3514,1.7404,2022-10-30 00:00:00+00:00
1667174400000,2.193,2.7647,2.1473,2.4341,128835.94,314798.857777,spot,INJUSDT,D,2.3514,1.7404,2022-10-31 00:00:00+00:00
1667260800000,2.4341,2.5686,2.2765,2.5033,61889.23,149589.10886,spot,INJUSDT,D,2.4341,1.7404,2022-11-01 00:00:00+00:00
1667347200000,2.5033,2.6842,2.3089,2.5161,118780.16,297660.26338,spot,INJUSDT,D,2.5033,1.7404,2022-11-02 00:00:00+00:00
1667433600000,2.5161,3.0275,2.4813,2.636,180582.13,503808.084892,spot,INJUSDT,D,2.5161,1.752,2022-11-03 00:00:00+00:00
1667520000000,2.636,2.92,2.6195,2.715,60439.41,168656.386597,spot,INJUSDT,D,2.636,1.752,2022-11-04 00:00:00+00:00
1667606400000,2.715,2.9907,2.6481,2.6816,81799.94,230340.826959,spot,INJUSDT,D,2.715,1.8733,2022-11-05 00:00:00+00:00
1667692800000,2.6816,2.8799,2.5704,2.5859,108056.55,293861.581511,spot,INJUSDT,D,2.715,1.8733,2022-11-06 00:00:00+00:00
1667779200000,2.5859,2.8036,2.42,2.6824,64951.87,167365.145515,spot,INJUSDT,D,2.715,1.8733,2022-11-07 00:00:00+00:00
1667865600000,2.6824,2.75,1.6109,1.9856,119064.5,259827.415601,spot,INJUSDT,D,2.715,1.8733,2022-11-08 00:00:00+00:00
1667952000000,1.9856,2.0,1.38,1.4686,76834.89,126451.666121,spot,INJUSDT,D,2.715,1.8733,2022-11-09 00:00:00+00:00
1668038400000,1.4686,1.8759,1.4417,1.7943,51268.25,87268.335699,spot,INJUSDT,D,2.715,1.4686,2022-11-10 00:00:00+00:00
1668124800000,1.7943,1.8736,1.6186,1.7576,69841.29,121919.475831,spot,INJUSDT,D,2.715,1.4686,2022-11-11 00:00:00+00:00
1668211200000,1.7576,1.8662,1.6574,1.72,25872.65,45376.544096,spot,INJUSDT,D,2.715,1.4686,2022-11-12 00:00:00+00:00
1668297600000,1.72,1.9517,1.7033,1.8167,43717.72,79104.017561,spot,INJUSDT,D,2.715,1.4686,2022-11-13 00:00:00+00:00
1668384000000,1.8167,1.8289,1.6222,1.7524,34065.72,58641.243962,spot,INJUSDT,D,2.715,1.4686,2022-11-14 00:00:00+00:00
1668470400000,1.7524,1.9029,1.7125,1.7967,37216.14,66343.410605,spot,INJUSDT,D,2.715,1.4686,2022-11-15 00:00:00+00:00
1668556800000,1.7967,1.8825,1.7075,1.7529,25467.44,44847.261231,spot,INJUSDT,D,2.715,1.4686,2022-11-16 00:00:00+00:00
1668643200000,1.7529,1.755,1.6851,1.7161,18791.28,32523.712248,spot,INJUSDT,D,2.715,1.4686,2022-11-17 00:00:00+00:00
1668729600000,1.7161,1.755,1.6902,1.7435,13009.85,22470.780265,spot,INJUSDT,D,2.715,1.4686,2022-11-18 00:00:00+00:00
1668816000000,1.7435,1.7435,1.6719,1.7073,20355.21,34677.58748,spot,INJUSDT,D,2.715,1.4686,2022-11-19 00:00:00+00:00
1668902400000,1.7073,1.7406,1.5701,1.5749,23704.92,40040.644015,spot,INJUSDT,D,2.715,1.4686,2022-11-20 00:00:00+00:00
1668988800000,1.5749,1.6207,1.5022,1.5697,18725.97,29390.489221,spot,INJUSDT,D,2.715,1.4686,2022-11-21 00:00:00+00:00
1669075200000,1.5697,1.5992,1.4633,1.5992,11847.26,18179.066963,spot,INJUSDT,D,2.715,1.4686,2022-11-22 00:00:00+00:00
1669161600000,1.5992,1.84,1.5903,1.6965,20241.95,35138.286184,spot,INJUSDT,D,2.715,1.4686,2022-11-23 00:00:00+00:00
1669248000000,1.6965,1.735,1.6306,1.6677,7282.69,12164.407471,spot,INJUSDT,D,2.715,1.4686,2022-11-24 00:00:00+00:00
1669334400000,1.6677,1.6695,1.5526,1.6132,7085.14,11339.839206,spot,INJUSDT,D,2.6824,1.4686,2022-11-25 00:00:00+00:00
1669420800000,1.6132,1.6547,1.5931,1.6069,6566.0,10658.842683,spot,INJUSDT,D,2.6824,1.4686,2022-11-26 00:00:00+00:00
1669507200000,1.6069,1.634,1.5666,1.5776,13738.99,21923.336603,spot,INJUSDT,D,2.6824,1.4686,2022-11-27 00:00:00+00:00
1669593600000,1.5776,1.5899,1.488,1.5367,11905.44,18193.607607,spot,INJUSDT,D,1.9856,1.4686,2022-11-28 00:00:00+00:00
1669680000000,1.5367,1.7018,1.5104,1.5985,71661.35,115891.405838,spot,INJUSDT,D,1.8167,1.4686,2022-11-29 00:00:00+00:00
1669766400000,1.5985,1.8126,1.5985,1.7593,54976.24,94699.768574,spot,INJUSDT,D,1.8167,1.5367,2022-11-30 00:00:00+00:00
1669852800000,1.7593,1.7836,1.6589,1.6829,39608.56,67187.304378,spot,INJUSDT,D,1.8167,1.5367,2022-12-01 00:00:00+00:00
1669939200000,1.6829,1.7028,1.6273,1.6875,33222.71,55407.374585,spot,INJUSDT,D,1.8167,1.5367,2022-12-02 00:00:00+00:00
1670025600000,1.6875,1.6885,1.5872,1.5964,14805.89,24337.451343,spot,INJUSDT,D,1.8167,1.5367,2022-12-03 00:00:00+00:00
1670112000000,1.5964,1.6805,1.5964,1.633,8279.71,13442.952492,spot,INJUSDT,D,1.7967,1.5367,2022-12-04 00:00:00+00:00
1670198400000,1.633,1.6983,1.6037,1.6398,29925.13,49344.359076,spot,INJUSDT,D,1.7967,1.5367,2022-12-05 00:00:00+00:00
1670284800000,1.6398,1.6736,1.6158,1.653,21881.5,35992.192509,spot,INJUSDT,D,1.7593,1.5367,2022-12-06 00:00:00+00:00
1670371200000,1.653,1.6601,1.5662,1.5847,20948.26,34062.790649,spot,INJUSDT,D,1.7593,1.5367,2022-12-07 00:00:00+00:00
1670457600000,1.5847,1.6424,1.5584,1.6309,5983.6,9576.732983,spot,INJUSDT,D,1.7593,1.5367,2022-12-08 00:00:00+00:00
1670544000000,1.6309,1.6623,1.622,1.6399,6904.36,11298.238434,spot,INJUSDT,D,1.7593,1.5367,2022-12-09 00:00:00+00:00
1670630400000,1.6399,1.6786,1.6356,1.669,5695.3,9437.06946,spot,INJUSDT,D,1.7593,1.5367,2022-12-10 00:00:00+00:00
1670716800000,1.669,1.6913,1.6181,1.6214,8348.77,13883.687306,spot,INJUSDT,D,1.7593,1.5367,2022-12-11 00:00:00+00:00
1670803200000,1.6214,1.688,1.5727,1.663,8320.38,13490.616456,spot,INJUSDT,D,1.7593,1.5367,2022-12-12 00:00:00+00:00
1670889600000,1.663,1.7,1.5887,1.6379,30782.24,50483.844962,spot,INJUSDT,D,1.7593,1.5367,2022-12-13 00:00:00+00:00
1670976000000,1.6379,1.6691,1.5984,1.6175,19459.92,31941.35977,spot,INJUSDT,D,1.7593,1.5367,2022-12-14 00:00:00+00:00
1671062400000,1.6175,1.6339,1.5702,1.5762,7466.49,11980.486141,spot,INJUSDT,D,1.7593,1.5367,2022-12-15 00:00:00+00:00
1671148800000,1.5762,1.6067,1.3854,1.4083,15453.76,23560.166902,spot,INJUSDT,D,1.7593,1.5367,2022-12-16 00:00:00+00:00
1671235200000,1.4083,1.53,1.382,1.4621,55600.77,81154.264352,spot,INJUSDT,D,1.7593,1.4083,2022-12-17 00:00:00+00:00
1671321600000,1.4621,1.5014,1.4144,1.44,6000.87,8710.587077,spot,INJUSDT,D,1.7593,1.4083,2022-12-18 00:00:00+00:00
1671408000000,1.44,1.4685,1.3108,1.32,6821.57,9614.817008,spot,INJUSDT,D,1.7593,1.4083,2022-12-19 00:00:00+00:00
1671494400000,1.32,1.4605,1.32,1.4039,18687.87,26108.179462,spot,INJUSDT,D,1.7593,1.32,2022-12-20 00:00:00+00:00
1671580800000,1.4039,1.4088,1.32,1.3342,5968.58,8041.390247,spot,INJUSDT,D,1.6875,1.32,2022-12-21 00:00:00+00:00
1671667200000,1.3342,1.3844,1.305,1.35,6669.51,8897.723017,spot,INJUSDT,D,1.6875,1.32,2022-12-22 00:00:00+00:00
1671753600000,1.35,1.382,1.3204,1.3381,4568.2,6146.261389,spot,INJUSDT,D,1.669,1.32,2022-12-23 00:00:00+00:00
1671840000000,1.3381,1.3992,1.3215,1.3262,9380.31,12710.442791,spot,INJUSDT,D,1.669,1.32,2022-12-24 00:00:00+00:00
1671926400000,1.3262,1.3619,1.3066,1.3299,5801.33,7699.445386,spot,INJUSDT,D,1.669,1.32,2022-12-25 00:00:00+00:00
1672012800000,1.3299,1.3615,1.3087,1.3309,6193.35,8260.515254,spot,INJUSDT,D,1.669,1.32,2022-12-26 00:00:00+00:00
1672099200000,1.3309,1.3615,1.2681,1.281,8284.36,10932.027092,spot,INJUSDT,D,1.669,1.32,2022-12-27 00:00:00+00:00
1672185600000,1.281,1.3123,1.25,1.29,6074.38,7750.635447,spot,INJUSDT,D,1.669,1.281,2022-12-28 00:00:00+00:00
1672272000000,1.29,1.3321,1.2559,1.3088,6973.37,9048.421965,spot,INJUSDT,D,1.669,1.281,2022-12-29 00:00:00+00:00
1672358400000,1.3088,1.332,1.262,1.3049,10519.38,13723.217265,spot,INJUSDT,D,1.669,1.281,2022-12-30 00:00:00+00:00
1672444800000,1.3049,1.3222,1.2769,1.2961,7116.65,9215.792182,spot,INJUSDT,D,1.663,1.281,2022-12-31 00:00:00+00:00
1672531200000,1.2961,1.3049,1.262,1.299,7037.47,9023.710185,spot,INJUSDT,D,1.663,1.281,2023-01-01 00:00:00+00:00
1672617600000,1.299,1.3321,1.2748,1.3184,5726.75,7469.734503,spot,INJUSDT,D,1.6379,1.281,2023-01-02 00:00:00+00:00
1672704000000,1.3184,1.3516,1.3004,1.3243,12707.34,16803.322509,spot,INJUSDT,D,1.6175,1.281,2023-01-03 00:00:00+00:00
1672790400000,1.3243,1.38,1.3133,1.3557,11975.25,16218.526554,spot,INJUSDT,D,1.5762,1.281,2023-01-04 00:00:00+00:00
1672876800000,1.3557,1.4054,1.3454,1.3586,10463.14,14355.559155,spot,INJUSDT,D,1.4621,1.281,2023-01-05 00:00:00+00:00
1672963200000,1.3586,1.392,1.3151,1.3707,6018.82,8114.812843,spot,INJUSDT,D,1.4621,1.281,2023-01-06 00:00:00+00:00
1673049600000,1.3707,1.4018,1.3648,1.3826,7065.71,9771.790265,spot,INJUSDT,D,1.44,1.281,2023-01-07 00:00:00+00:00
1673136000000,1.3826,1.4326,1.3648,1.4249,8639.74,12010.160272,spot,INJUSDT,D,1.4039,1.281,2023-01-08 00:00:00+00:00
1673222400000,1.4249,1.49,1.4181,1.4312,8373.04,12213.498798,spot,INJUSDT,D,1.4249,1.281,2023-01-09 00:00:00+00:00
1673308800000,1.4312,1.4575,1.4158,1.4575,11317.08,16198.278716,spot,INJUSDT,D,1.4312,1.281,2023-01-10 00:00:00+00:00
1673395200000,1.4575,1.4685,1.3807,1.4684,10281.54,14648.230292,spot,INJUSDT,D,1.4575,1.281,2023-01-11 00:00:00+00:00
1673481600000,1.4684,1.5695,1.4294,1.5224,17270.07,25666.554787,spot,INJUSDT,D,1.4684,1.281,2023-01-12 00:00:00+00:00
1673568000000,1.5224,1.5767,1.5049,1.5529,10141.0,15574.060412,spot,INJUSDT,D,1.5224,1.281,2023-01-13 00:00:00+00:00
1673654400000,1.5529,1.75,1.54,1.6351,22909.5,37780.374036,spot,INJUSDT,D,1.5529,1.281,2023-01-14 00:00:00+00:00
1673740800000,1.6351,1.6931,1.5751,1.6509,14589.62,23717.164855,spot,INJUSDT,D,1.6351,1.281,2023-01-15 00:00:00+00:00
1673827200000,1.6509,1.7412,1.6091,1.6399,14789.87,24730.457181,spot,INJUSDT,D,1.6509,1.281,2023-01-16 00:00:00+00:00
1673913600000,1.6399,1.6859,1.615,1.615,7457.79,12279.828417,spot,INJUSDT,D,1.6509,1.29,2023-01-17 00:00:00+00:00
1674000000000,1.615,1.6932,1.4851,1.4895,19655.92,31386.334902,spot,INJUSDT,D,1.6509,1.2961,2023-01-18 00:00:00+00:00
1674086400000,1.4895,1.5814,1.4702,1.5435,12123.5,18362.559285,spot,INJUSDT,D,1.6509,1.2961,2023-01-19 00:00:00+00:00
1674172800000,1.5435,1.7014,1.5191,1.7,29026.52,46977.942502,spot,INJUSDT,D,1.6509,1.2961,2023-01-20 00:00:00+00:00
1674259200000,1.7,1.8906,1.6425,1.7704,25811.38,44997.381504,spot,INJUSDT,D,1.7,1.299,2023-01-21 00:00:00+00:00
1674345600000,1.7704,2.1437,1.7514,1.9442,123723.93,249624.773439,spot,INJUSDT,D,1.7704,1.3184,2023-01-22 00:00:00+00:00
1674432000000,1.9442,2.1218,1.9099,2.0072,52000.47,104458.992096,spot,INJUSDT,D,1.9442,1.3243,2023-01-23 00:00:00+00:00
1674518400000,2.0072,2.0229,1.79,1.8387,54446.24,105241.626772,spot,INJUSDT,D,2.0072,1.3557,2023-01-24 00:00:00+00:00
1674604800000,1.8387,2.455,1.7889,2.2419,205075.11,452695.756668,spot,INJUSDT,D,2.0072,1.3586,2023-01-25 00:00:00+00:00
1674691200000,2.2419,2.7431,2.2032,2.5817,146568.54,365808.363453,spot,INJUSDT,D,2.2419,1.3707,2023-01-26 00:00:00+00:00
1674777600000,2.5817,2.7832,2.518,2.562,112269.69,295064.81046,spot,INJUSDT,D,2.5817,1.3826,2023-01-27 00:00:00+00:00
1674864000000,2.562,2.738,2.4692,2.5049,81554.16,211657.719406,spot,INJUSDT,D,2.5817,1.4249,2023-01-28 00:00:00+00:00
1674950400000,2.5049,2.5944,2.4795,2.53,41646.42,105872.432161,spot,INJUSDT,D,2.5817,1.4312,2023-01-29 00:00:00+00:00
1675036800000,2.53,2.9777,2.4773,2.8151,160238.02,441914.843135,spot,INJUSDT,D,2.5817,1.4575,2023-01-30 00:00:00+00:00
1675123200000,2.8151,3.2327,2.6928,3.1494,110141.36,324562.339011,spot,INJUSDT,D,2.8151,1.4684,2023-01-31 00:00:00+00:00
1675209600000,3.1494,4.0325,3.0365,3.8591,203614.04,690174.873957,spot,INJUSDT,D,3.1494,1.4895,2023-02-01 00:00:00+00:00
1675296000000,3.8591,3.9739,3.5208,3.6275,73056.66,273274.163743,spot,INJUSDT,D,3.8591,1.4895,2023-02-02 00:00:00+00:00
1675382400000,3.6275,3.9745,3.5761,3.7538,58035.36,217521.436237,spot,INJUSDT,D,3.8591,1.4895,2023-02-03 00:00:00+00:00
1675468800000,3.7538,4.227,3.6083,3.8745,68445.87,270520.617195,spot,INJUSDT,D,3.8591,1.4895,2023-02-04 00:00:00+00:00
1675555200000,3.8745,4.031,3.3736,3.6078,62217.15,235265.597493,spot,INJUSDT,D,3.8745,1.4895,2023-02-05 00:00:00+00:00
1675641600000,3.6078,3.726,3.4197,3.4738,46567.35,167200.762405,spot,INJUSDT,D,3.8745,1.4895,2023-02-06 00:00:00+00:00
1675728000000,3.4738,4.3793,3.4187,4.1446,164629.26,659527.528812,spot,INJUSDT,D,3.8745,1.4895,2023-02-07 00:00:00+00:00
1675814400000,4.1446,4.2683,3.6504,3.73,112845.02,445908.905385,spot,INJUSDT,D,4.1446,1.5435,2023-02-08 00:00:00+00:00
1675900800000,3.73,3.7904,3.1816,3.2856,104517.82,359905.658876,spot,INJUSDT,D,4.1446,1.7,2023-02-09 00:00:00+00:00
1675987200000,3.2856,3.4165,3.004,3.134,133403.8,423979.579628,spot,INJUSDT,D,4.1446,1.7704,2023-02-10 00:00:00+00:00
1676073600000,3.134,3.4165,3.075,3.399,162818.79,523445.48239,spot,INJUSDT,D,4.1446,1.8387,2023-02-11 00:00:00+00:00
1676160000000,3.399,3.6043,3.2255,3.342,181929.73,616534.702801,spot,INJUSDT,D,4.1446,1.8387,2023-02-12 00:00:00+00:00
1676246400000,3.342,3.4737,3.0246,3.253,131384.19,423855.353294,spot,INJUSDT,D,4.1446,1.8387,2023-02-13 00:00:00+00:00
1676332800000,3.253,3.5829,3.2074,3.4892,100624.25,341320.774189,spot,INJUSDT,D,4.1446,2.2419,2023-02-14 00:00:00+00:00
1676419200000,3.4892,4.148,3.4163,3.931,145176.86,543966.15882,spot,INJUSDT,D,4.1446,2.5049,2023-02-15 00:00:00+00:00
1676505600000,3.931,4.0356,3.6025,3.6324,91420.62,351896.136651,spot,INJUSDT,D,4.1446,2.5049,2023-02-16 00:00:00+00:00
1676592000000,3.6324,4.2116,3.6324,3.9974,110114.67,432411.859548,spot,INJUSDT,D,4.1446,2.5049,2023-02-17 00:00:00+00:00
1676678400000,3.9974,4.5626,3.948,4.4047,96550.17,413030.704481,spot,INJUSDT,D,4.1446,2.53,2023-02-18 00:00:00+00:00
1676764800000,4.4047,4.5506,4.0592,4.1578,55334.51,235684.694806,spot,INJUSDT,D,4.4047,2.8151,2023-02-19 00:00:00+00:00
1676851200000,4.1578,4.3135,3.9714,4.1697,38657.46,160479.126787,spot,INJUSDT,D,4.4047,3.134,2023-02-20 00:00:00+00:00
1676937600000,4.1697,4.41,3.8558,3.938,84307.63,348423.516014,spot,INJUSDT,D,4.4047,3.134,2023-02-21 00:00:00+00:00
1677024000000,3.938,3.9398,3.6418,3.8131,77927.65,291953.330308,spot,INJUSDT,D,4.4047,3.134,2023-02-22 00:00:00+00:00
1677110400000,3.8131,4.09,3.7599,3.9118,87637.44,342341.027824,spot,INJUSDT,D,4.4047,3.134,2023-02-23 00:00:00+00:00
1677196800000,3.9118,3.9398,3.54,3.643,65797.08,246296.982632,spot,INJUSDT,D,4.4047,3.134,2023-02-24 00:00:00+00:00
1677283200000,3.643,3.6668,3.2737,3.4286,80612.27,279170.020941,spot,INJUSDT,D,4.4047,3.134,2023-02-25 00:00:00+00:00
1677369600000,3.4286,3.8648,3.4029,3.7693,60773.39,220838.906561,spot,INJUSDT,D,4.4047,3.134,2023-02-26 00:00:00+00:00
1677456000000,3.7693,3.8743,3.5498,3.6319,43854.95,162824.814607,spot,INJUSDT,D,4.4047,3.134,2023-02-27 00:00:00+00:00
1677542400000,3.6319,3.6916,3.4551,3.5096,20787.66,74974.414832,spot,INJUSDT,D,4.4047,3.134,2023-02-28 00:00:00+00:00
1677628800000,3.5096,3.8104,3.5094,3.7889,19396.08,71966.791359,spot,INJUSDT,D,4.4047,3.134,2023-03-01 00:00:00+00:00
1677715200000,3.7889,3.8136,3.54,3.7462,12854.66,47070.476059,spot,INJUSDT,D,4.4047,3.134,2023-03-02 00:00:00+00:00
1677801600000,3.7462,3.8,3.3396,3.595,34841.58,122937.375505,spot,INJUSDT,D,4.4047,3.253,2023-03-03 00:00:00+00:00
1677888000000,3.595,3.6863,3.1086,3.252,27929.09,93982.902536,spot,INJUSDT,D,4.4047,3.253,2023-03-04 00:00:00+00:00
1677974400000,3.252,3.5069,3.2236,3.3449,18605.73,63096.142768,spot,INJUSDT,D,4.4047,3.252,2023-03-05 00:00:00+00:00
1678060800000,3.3449,3.4436,3.2608,3.3195,28903.2,96316.043848,spot,INJUSDT,D,4.4047,3.252,2023-03-06 00:00:00+00:00
1678147200000,3.3195,3.3875,3.0932,3.1769,23458.5,76402.57845,spot,INJUSDT,D,4.4047,3.252,2023-03-07 00:00:00+00:00
1678233600000,3.1769,3.2125,2.862,2.862,37661.85,113600.27771,spot,INJUSDT,D,4.4047,3.1769,2023-03-08 00:00:00+00:00
1678320000000,2.862,3.0209,2.6,2.6461,46220.5,127794.610575,spot,INJUSDT,D,4.4047,2.862,2023-03-09 00:00:00+00:00
1678406400000,2.6461,3.0818,2.448,3.0328,205728.67,567386.682503,spot,INJUSDT,D,4.4047,2.6461,2023-03-10 00:00:00+00:00
1678492800000,3.0328,3.2678,2.8046,3.1128,99728.61,300776.428844,spot,INJUSDT,D,4.1697,2.6461,2023-03-11 00:00:00+00:00
1678579200000,3.1128,3.7674,2.9684,3.6922,67412.81,217102.286549,spot,INJUSDT,D,4.1697,2.6461,2023-03-12 00:00:00+00:00
1678665600000,3.6922,4.3682,3.5741,4.138,89232.87,348589.103631,spot,INJUSDT,D,3.938,2.6461,2023-03-13 00:00:00+00:00
1678752000000,4.138,4.5091,4.05,4.2738,92566.9,394722.521323,spot,INJUSDT,D,4.138,2.6461,2023-03-14 00:00:00+00:00
1678838400000,4.2738,4.3078,3.8335,4.0305,73586.28,300782.476447,spot,INJUSDT,D,4.2738,2.6461,2023-03-15 00:00:00+00:00
1678924800000,4.0305,4.3058,3.9742,4.0654,34922.8,144863.26359,spot,INJUSDT,D,4.2738,2.6461,2023-03-16 00:00:00+00:00
1679011200000,4.0654,4.8369,3.9967,4.8343,72125.45,317286.174572,spot,INJUSDT,D,4.2738,2.6461,2023-03-17 00:00:00+00:00
1679097600000,4.8343,4.9877,4.4026,4.4258,47937.4,224988.726531,spot,INJUSDT,D,4.8343,2.6461,2023-03-18 00:00:00+00:00
1679184000000,4.4258,4.6265,4.252,4.275,41154.09,182222.883133,spot,INJUSDT,D,4.8343,2.6461,2023-03-19 00:00:00+00:00
1679270400000,4.275,4.3074,3.95,3.9825,30865.83,127079.378518,spot,INJUSDT,D,4.8343,2.6461,2023-03-20 00:00:00+00:00
1679356800000,3.9825,4.4518,3.8647,4.2308,28395.61,118076.823389,spot,INJUSDT,D,4.8343,2.6461,2023-03-21 00:00:00+00:00
1679443200000,4.2308,4.3682,3.92,4.0989,62425.08,260081.416839,spot,INJUSDT,D,4.8343,2.6461,2023-03-22 00:00:00+00:00
1679529600000,4.0989,4.3154,4.0757,4.2328,40751.66,171125.585384,spot,INJUSDT,D,4.8343,2.6461,2023-03-23 00:00:00+00:00
1679616000000,4.2328,4.5,4.0456,4.1652,49226.42,210622.890956,spot,INJUSDT,D,4.8343,2.6461,2023-03-24 00:00:00+00:00
1679702400000,4.1652,4.2406,3.79,3.8276,33669.97,132991.977301,spot,INJUSDT,D,4.8343,2.6461,2023-03-25 00:00:00+00:00
1679788800000,3.8276,4.1373,3.7843,4.0683,41829.87,166585.723291,spot,INJUSDT,D,4.8343,2.6461,2023-03-26 00:00:00+00:00
1679875200000,4.0683,4.0683,3.691,3.789,49434.33,191372.24623,spot,INJUSDT,D,4.8343,2.6461,2023-03-27 00:00:00+00:00
1679961600000,3.789,4.3658,3.635,4.1824,60420.2,238198.126404,spot,INJUSDT,D,4.8343,2.6461,2023-03-28 00:00:00+00:00
1680048000000,4.1824,4.479,4.1824,4.3445,58349.86,252424.685581,spot,INJUSDT,D,4.8343,2.6461,2023-03-29 00:00:00+00:00
1680134400000,4.3445,4.9546,4.1884,4.6898,85470.85,381451.903248,spot,INJUSDT,D,4.8343,3.0328,2023-03-30 00:00:00+00:00
1680220800000,4.6898,4.8229,4.57,4.7205,47572.43,222452.230748,spot,INJUSDT,D,4.8343,3.1128,2023-03-31 00:00:00+00:00
1680307200000,4.7205,5.4511,4.7,5.1711,55737.21,283026.223286,spot,INJUSDT,D,4.8343,3.6922,2023-04-01 00:00:00+00:00
1680393600000,5.1711,5.4381,4.8521,5.1628,59429.45,302947.689953,spot,INJUSDT,D,5.1711,3.789,2023-04-02 00:00:00+00:00
1680480000000,5.1628,5.9864,4.8767,5.8803,124045.82,682551.167271,spot,INJUSDT,D,5.1711,3.789,2023-04-03 00:00:00+00:00
1680566400000,5.8803,5.8974,5.381,5.4696,94455.39,527844.954076,spot,INJUSDT,D,5.8803,3.789,2023-04-04 00:00:00+00:00
1680652800000,5.4696,5.8228,5.2609,5.5006,55309.05,302880.659117,spot,INJUSDT,D,5.8803,3.789,2023-04-05 00:00:00+00:00
1680739200000,5.5006,5.918,5.1619,5.62,95124.69,526624.977665,spot,INJUSDT,D,5.8803,3.789,2023-04-06 00:00:00+00:00
1680825600000,5.62,6.07,5.5598,5.5834,29216.78,168379.758826,spot,INJUSDT,D,5.8803,3.789,2023-04-07 00:00:00+00:00
1680912000000,5.5834,5.7149,5.3728,5.4029,13941.7,76756.642148,spot,INJUSDT,D,5.8803,3.789,2023-04-08 00:00:00+00:00
1680998400000,5.4029,5.7395,5.4018,5.6903,18966.37,105998.462471,spot,INJUSDT,D,5.8803,3.789,2023-04-09 00:00:00+00:00
1681084800000,5.6903,6.92,5.5865,6.3279,73229.59,434652.446098,spot,INJUSDT,D,5.8803,3.789,2023-04-10 00:00:00+00:00
1681171200000,6.3279,6.95,6.1915,6.6294,53461.49,352660.639575,spot,INJUSDT,D,6.3279,3.789,2023-04-11 00:00:00+00:00
1681257600000,6.6294,7.0,6.3551,6.5669,59698.83,398602.491886,spot,INJUSDT,D,6.6294,3.789,2023-04-12 00:00:00+00:00
1681344000000,6.5669,6.95,6.5372,6.7225,31907.43,214571.523416,spot,INJUSDT,D,6.6294,3.789,2023-04-13 00:00:00+00:00
1681430400000,6.7225,8.9452,6.7056,8.0847,138676.06,1091517.338104,spot,INJUSDT,D,6.7225,3.789,2023-04-14 00:00:00+00:00
1681516800000,8.0847,8.3285,7.663,8.1727,79794.77,639512.878745,spot,INJUSDT,D,8.0847,3.789,2023-04-15 00:00:00+00:00
1681603200000,8.1727,9.7055,8.1553,9.3171,106719.15,945443.363414,spot,INJUSDT,D,8.1727,3.789,2023-04-16 00:00:00+00:00
1681689600000,9.3171,9.9644,8.8241,9.0573,143216.87,1330313.622794,spot,INJUSDT,D,9.3171,4.1824,2023-04-17 00:00:00+00:00
1681776000000,9.0573,9.3942,8.5459,8.6138,93580.22,834308.44923,spot,INJUSDT,D,9.3171,4.3445,2023-04-18 00:00:00+00:00
1681862400000,8.6138,9.2422,7.8587,8.313,206662.66,1798053.062034,spot,INJUSDT,D,9.3171,4.6898,2023-04-19 00:00:00+00:00
1681948800000,8.313,8.4786,7.6519,7.8831,78800.09,632024.134388,spot,INJUSDT,D,9.3171,4.7205,2023-04-20 00:00:00+00:00
1682035200000,7.8831,8.0503,7.2488,7.2702,58057.0,439586.495039,spot,INJUSDT,D,9.3171,5.1628,2023-04-21 00:00:00+00:00
1682121600000,7.2702,7.6262,7.0846,7.5989,45411.06,333779.3777,spot,INJUSDT,D,9.3171,5.1628,2023-04-22 00:00:00+00:00
1682208000000,7.5989,7.6035,6.66,6.8769,61281.23,436828.333059,spot,INJUSDT,D,9.3171,5.4029,2023-04-23 00:00:00+00:00
1682294400000,6.8769,7.0566,6.4292,6.9868,79628.1,531264.005783,spot,INJUSDT,D,9.3171,5.4029,2023-04-24 00:00:00+00:00
1682380800000,6.9868,9.0,6.9131,8.28,183493.56,1443428.162613,spot,INJUSDT,D,9.3171,5.4029,2023-04-25 00:00:00+00:00
1682467200000,8.28,9.1116,7.85,8.372,225053.84,1902398.440246,spot,INJUSDT,D,9.3171,5.4029,2023-04-26 00:00:00+00:00
1682553600000,8.372,9.3456,8.3109,8.9058,122180.46,1089978.698585,spot,INJUSDT,D,9.3171,5.4029,2023-04-27 00:00:00+00:00
1682640000000,8.9058,9.0105,8.2845,8.4123,58993.88,507951.657892,spot,INJUSDT,D,9.3171,5.4029,2023-04-28 00:00:00+00:00
1682726400000,8.4123,8.6607,7.9799,8.0815,63563.93,530548.793223,spot,INJUSDT,D,9.3171,5.6903,2023-04-29 00:00:00+00:00
1682812800000,8.0815,8.4015,7.7406,7.7507,47208.02,379827.425964,spot,INJUSDT,D,9.3171,6.3279,2023-04-30 00:00:00+00:00
1682899200000,7.7507,8.1378,7.516,7.8519,58834.36,458735.052605,spot,INJUSDT,D,9.3171,6.5669,2023-05-01 00:00:00+00:00
1682985600000,7.8519,8.8563,7.4738,7.8539,70324.46,553395.55761,spot,INJUSDT,D,9.3171,6.5669,2023-05-02 00:00:00+00:00
1683072000000,7.8539,7.9988,7.3079,7.95,71143.55,538175.588148,spot,INJUSDT,D,9.3171,6.7225,2023-05-03 00:00:00+00:00
1683158400000,7.95,7.9557,7.3288,7.3875,57745.46,439831.786979,spot,INJUSDT,D,9.3171,6.8769,2023-05-04 00:00:00+00:00
1683244800000,7.3875,7.9632,7.3218,7.8186,61682.4,477341.394377,spot,INJUSDT,D,9.3171,6.8769,2023-05-05 00:00:00+00:00
1683331200000,7.8186,7.9113,7.0853,7.2445,63986.91,471641.934604,spot,INJUSDT,D,9.3171,6.8769,2023-05-06 00:00:00+00:00
1683417600000,7.2445,7.6,7.1645,7.2942,33792.54,249878.886831,spot,INJUSDT,D,9.0573,6.8769,2023-05-07 00:00:00+00:00
1683504000000,7.2942,7.3639,6.48,6.6557,53964.15,366089.968857,spot,INJUSDT,D,8.9058,6.8769,2023-05-08 00:00:00+00:00
1683590400000,6.6557,6.7098,6.1614,6.2803,38974.51,248738.460143,spot,INJUSDT,D,8.9058,6.6557,2023-05-09 00:00:00+00:00
1683676800000,6.2803,7.2412,6.1549,6.6541,73691.53,483679.54798,spot,INJUSDT,D,8.9058,6.2803,2023-05-10 00:00:00+00:00
1683763200000,6.6541,6.6541,5.6362,5.7938,56759.72,343993.881133,spot,INJUSDT,D,8.9058,6.2803,2023-05-11 00:00:00+00:00
1683849600000,5.7938,6.2726,5.5893,6.1358,36531.09,214702.236186,spot,INJUSDT,D,8.9058,5.7938,2023-05-12 00:00:00+00:00
1683936000000,6.1358,6.2733,5.9146,6.025,20387.4,123908.888198,spot,INJUSDT,D,8.9058,5.7938,2023-05-13 00:00:00+00:00
1684022400000,6.025,6.3979,5.88,6.0865,36389.99,221813.271689,spot,INJUSDT,D,8.9058,5.7938,2023-05-14 00:00:00+00:00
1684108800000,6.0865,6.4979,5.9717,6.3879,50806.48,320393.485362,spot,INJUSDT,D,8.9058,5.7938,2023-05-15 00:00:00+00:00
1684195200000,6.3879,6.4508,6.0153,6.1716,26646.22,164155.15386,spot,INJUSDT,D,8.9058,5.7938,2023-05-16 00:00:00+00:00
1684281600000,6.1716,6.7675,5.9717,6.6201,37483.1,238884.092853,spot,INJUSDT,D,8.9058,5.7938,2023-05-17 00:00:00+00:00
1684368000000,6.6201,6.7775,6.2517,6.6472,62370.18,406567.737627,spot,INJUSDT,D,8.4123,5.7938,2023-05-18 00:00:00+00:00
1684454400000,6.6472,7.7737,6.464,7.0139,128812.34,894594.324222,spot,INJUSDT,D,8.0815,5.7938,2023-05-19 00:00:00+00:00
1684540800000,7.0139,7.5333,6.9301,7.2166,55557.04,401556.894334,spot,INJUSDT,D,7.95,5.7938,2023-05-20 00:00:00+00:00
1684627200000,7.2166,7.2899,6.6856,6.7309,48365.51,335726.642169,spot,INJUSDT,D,7.95,5.7938,2023-05-21 00:00:00+00:00
1684713600000,6.7309,6.9602,6.5613,6.672,53326.43,360181.957985,spot,INJUSDT,D,7.95,5.7938,2023-05-22 00:00:00+00:00
1684800000000,6.672,7.1186,6.5945,6.8067,50464.04,346437.108429,spot,INJUSDT,D,7.95,5.7938,2023-05-23 00:00:00+00:00
1684886400000,6.8067,6.8067,6.3183,6.373,51831.63,338267.284472,spot,INJUSDT,D,7.8186,5.7938,2023-05-24 00:00:00+00:00
1684972800000,6.373,6.4653,6.0841,6.3026,36779.88,232409.029413,spot,INJUSDT,D,7.8186,5.7938,2023-05-25 00:00:00+00:00
1685059200000,6.3026,6.85,6.1576,6.4053,54675.59,349765.745435,spot,INJUSDT,D,7.2942,5.7938,2023-05-26 00:00:00+00:00
1685145600000,6.4053,6.65,6.328,6.3836,21133.28,135667.336072,spot,INJUSDT,D,7.2942,5.7938,2023-05-27 00:00:00+00:00
1685232000000,6.3836,7.4208,6.3421,7.09,74614.61,512157.871595,spot,INJUSDT,D,7.2166,5.7938,2023-05-28 00:00:00+00:00
1685318400000,7.09,7.7328,6.9314,7.4208,96510.76,713698.354009,spot,INJUSDT,D,7.2166,5.7938,2023-05-29 00:00:00+00:00
1685404800000,7.4208,7.8165,7.3443,7.5901,99256.27,750723.764088,spot,INJUSDT,D,7.4208,5.7938,2023-05-30 00:00:00+00:00
1685491200000,7.5901,7.742,7.0609,7.2578,54011.22,394626.755805,spot,INJUSDT,D,7.5901,5.7938,2023-05-31 00:00:00+00:00
1685577600000,7.2578,7.5,6.9374,7.2786,50095.22,364082.106258,spot,INJUSDT,D,7.5901,6.025,2023-06-01 00:00:00+00:00
1685664000000,7.2786,8.2,7.2196,7.883,86019.79,674777.942293,spot,INJUSDT,D,7.5901,6.025,2023-06-02 00:00:00+00:00
1685750400000,7.883,8.1662,7.7721,7.9315,50941.39,404109.27718,spot,INJUSDT,D,7.883,6.0865,2023-06-03 00:00:00+00:00
1685836800000,7.9315,8.1149,7.7375,7.7934,20905.07,164985.383701,spot,INJUSDT,D,7.9315,6.1716,2023-06-04 00:00:00+00:00
1685923200000,7.7934,7.8494,6.78,7.0853,55514.11,405862.775605,spot,INJUSDT,D,7.9315,6.1716,2023-06-05 00:00:00+00:00
1686009600000,7.0853,7.5003,6.8901,7.3816,85104.39,616465.957346,spot,INJUSDT,D,7.9315,6.3026,2023-06-06 00:00:00+00:00
1686096000000,7.3816,7.3816,6.8153,6.8979,52840.21,376123.531267,spot,INJUSDT,D,7.9315,6.3026,2023-06-07 00:00:00+00:00
1686182400000,6.8979,7.1691,6.629,6.9416,38904.18,269245.143374,spot,INJUSDT,D,7.9315,6.3026,2023-06-08 00:00:00+00:00
1686268800000,6.9416,7.1766,6.8263,6.9022,22034.09,154849.296874,spot,INJUSDT,D,7.9315,6.3026,2023-06-09 00:00:00+00:00
1686355200000,6.9022,6.9169,5.413,5.7674,145198.39,867668.680811,spot,INJUSDT,D,7.9315,6.3026,2023-06-10 00:00:00+00:00
1686441600000,5.7674,6.0554,5.4225,5.727,40906.66,236791.19481,spot,INJUSDT,D,7.9315,5.7674,2023-06-11 00:00:00+00:00
1686528000000,5.727,5.9841,5.5405,5.6595,22706.02,129595.958965,spot,INJUSDT,D,7.9315,5.727,2023-06-12 00:00:00+00:00
1686614400000,5.6595,6.2114,5.5832,6.0209,58109.54,342108.597144,spot,INJUSDT,D,7.9315,5.6595,2023-06-13 00:00:00+00:00
1686700800000,6.0209,6.3132,5.7527,5.9104,87521.33,537035.529508,spot,INJUSDT,D,7.9315,5.6595,2023-06-14 00:00:00+00:00
1686787200000,5.9104,6.1315,5.4525,5.873,119572.49,684265.254336,spot,INJUSDT,D,7.9315,5.6595,2023-06-15 00:00:00+00:00
1686873600000,5.873,6.2,5.745,6.0651,81290.65,486187.820596,spot,INJUSDT,D,7.9315,5.6595,2023-06-16 00:00:00+00:00
1686960000000,6.0651,6.6399,5.9762,6.3163,52594.3,335780.259093,spot,INJUSDT,D,7.9315,5.6595,2023-06-17 00:00:00+00:00
1687046400000,6.3163,6.3941,5.9357,5.9851,79397.43,491264.409247,spot,INJUSDT,D,7.9315,5.6595,2023-06-18 00:00:00+00:00
1687132800000,5.9851,6.3074,5.8713,6.1698,61479.25,373213.653784,spot,INJUSDT,D,7.9315,5.6595,2023-06-19 00:00:00+00:00
1687219200000,6.1698,7.0605,6.0315,6.7417,120244.92,776472.909716,spot,INJUSDT,D,7.9315,5.6595,2023-06-20 00:00:00+00:00
1687305600000,6.7417,7.4467,6.6897,7.1533,211930.94,1511501.800296,spot,INJUSDT,D,7.9315,5.6595,2023-06-21 00:00:00+00:00
1687392000000,7.1533,7.4464,6.8182,6.959,129621.31,934081.143789,spot,INJUSDT,D,7.9315,5.6595,2023-06-22 00:00:00+00:00
1687478400000,6.959,7.462,6.9558,7.1459,94335.97,676911.02176,spot,INJUSDT,D,7.9315,5.6595,2023-06-23 00:00:00+00:00
1687564800000,7.1459,7.194,6.7206,6.9147,46237.23,321699.010854,spot,INJUSDT,D,7.7934,5.6595,2023-06-24 00:00:00+00:00
1687651200000,6.9147,7.2354,6.888,6.9677,35442.22,251026.31792,spot,INJUSDT,D,7.3816,5.6595,2023-06-25 00:00:00+00:00
1687737600000,6.9677,7.7181,6.791,7.3643,131338.35,972246.766641,spot,INJUSDT,D,7.3816,5.6595,2023-06-26 00:00:00+00:00
1687824000000,7.3643,7.8387,7.3611,7.5922,75727.91,579758.633747,spot,INJUSDT,D,7.3643,5.6595,2023-06-27 00:00:00+00:00
1687910400000,7.5922,7.75,7.08,7.4045,62469.76,469988.202034,spot,INJUSDT,D,7.5922,5.6595,2023-06-28 00:00:00+00:00
1687996800000,7.4045,8.0499,7.4045,7.8758,45489.0,355844.227655,spot,INJUSDT,D,7.5922,5.6595,2023-06-29 00:00:00+00:00
1688083200000,7.8758,8.2112,7.5,8.024,60851.03,484194.68208,spot,INJUSDT,D,7.8758,5.6595,2023-06-30 00:00:00+00:00
1688169600000,8.024,9.0561,8.0239,8.8703,52134.65,446587.292452,spot,INJUSDT,D,8.024,5.6595,2023-07-01 00:00:00+00:00
1688256000000,8.8703,8.8842,8.25,8.7289,34743.62,296503.165532,spot,INJUSDT,D,8.8703,5.6595,2023-07-02 00:00:00+00:00
1688342400000,8.7289,8.9917,8.5765,8.6166,36384.43,319580.852306,spot,INJUSDT,D,8.8703,5.873,2023-07-03 00:00:00+00:00
1688428800000,8.6166,8.8934,8.4476,8.5401,35585.99,309541.349728,spot,INJUSDT,D,8.8703,5.873,2023-07-04 00:00:00+00:00
1688515200000,8.5401,8.8598,8.0941,8.2777,75126.55,629405.504387,spot,INJUSDT,D,8.8703,5.873,2023-07-05 00:00:00+00:00
1688601600000,8.2777,8.659,7.8051,7.8547,68157.63,560822.526683,spot,INJUSDT,D,8.8703,5.9851,2023-07-06 00:00:00+00:00
1688688000000,7.8547,8.1426,7.7721,7.9587,41722.31,331194.951434,spot,INJUSDT,D,8.8703,5.9851,2023-07-07 00:00:00+00:00
1688774400000,7.9587,8.1103,7.8272,8.0655,26960.71,214752.022317,spot,INJUSDT,D,8.8703,5.9851,2023-07-08 00:00:00+00:00
1688860800000,8.0655,8.9,8.037,8.2025,55939.65,466066.108022,spot,INJUSDT,D,8.8703,6.1698,2023-07-09 00:00:00+00:00
1688947200000,8.2025,8.2943,7.78,8.1345,41894.46,335254.592952,spot,INJUSDT,D,8.8703,6.7417,2023-07-10 00:00:00+00:00
1689033600000,8.1345,8.4,7.9772,7.9974,39943.52,325913.019568,spot,INJUSDT,D,8.8703,6.9147,2023-07-11 00:00:00+00:00
1689120000000,7.9974,8.3433,7.944,7.973,60768.09,494583.242753,spot,INJUSDT,D,8.8703,6.9147,2023-07-12 00:00:00+00:00
1689206400000,7.973,9.0165,7.8312,8.7969,117352.63,977477.623798,spot,INJUSDT,D,8.8703,6.9147,2023-07-13 00:00:00+00:00
1689292800000,8.7969,9.9407,8.6604,9.4429,181662.95,1687185.507082,spot,INJUSDT,D,8.8703,6.9147,2023-07-14 00:00:00+00:00
1689379200000,9.4429,9.451,8.9617,9.3278,45207.98,416326.581537,spot,INJUSDT,D,9.4429,6.9677,2023-07-15 00:00:00+00:00
1689465600000,9.3278,9.5827,8.8033,8.8629,57317.27,525453.368593,spot,INJUSDT,D,9.4429,7.3643,2023-07-16 00:00:00+00:00
1689552000000,8.8629,9.4282,8.6795,9.1717,285055.35,2606741.435837,spot,INJUSDT,D,9.4429,7.4045,2023-07-17 00:00:00+00:00
1689638400000,9.1717,9.44,8.7689,8.9204,60800.48,549336.070521,spot,INJUSDT,D,9.4429,7.4045,2023-07-18 00:00:00+00:00
1689724800000,8.9204,9.2208,8.8459,8.9571,73183.09,659753.691109,spot,INJUSDT,D,9.4429,7.8547,2023-07-19 00:00:00+00:00
1689811200000,8.9571,9.7242,8.9039,9.2942,122930.41,1144526.559825,spot,INJUSDT,D,9.4429,7.8547,2023-07-20 00:00:00+00:00
1689897600000,9.2942,9.4947,8.9511,8.9871,49500.18,456384.898192,spot,INJUSDT,D,9.4429,7.8547,2023-07-21 00:00:00+00:00
1689984000000,8.9871,9.054,8.55,8.62,64459.07,569949.741535,spot,INJUSDT,D,9.4429,7.8547,2023-07-22 00:00:00+00:00
1690070400000,8.62,8.8313,8.55,8.7015,40482.18,351497.174759,spot,INJUSDT,D,9.4429,7.8547,2023-07-23 00:00:00+00:00
1690156800000,8.7015,8.7521,7.6909,8.1505,283418.44,2354503.967369,spot,INJUSDT,D,9.4429,7.8547,2023-07-24 00:00:00+00:00
1690243200000,8.1505,8.2549,7.9111,7.9884,62075.82,498502.278866,spot,INJUSDT,D,9.4429,7.8547,2023-07-25 00:00:00+00:00
1690329600000,7.9884,8.1928,7.8169,8.0265,78918.22,630223.887339,spot,INJUSDT,D,9.4429,7.8547,2023-07-26 00:00:00+00:00
1690416000000,8.0265,8.3303,7.9094,7.9826,55135.77,448461.732677,spot,INJUSDT,D,9.4429,7.9587,2023-07-27 00:00:00+00:00
1690502400000,7.9826,8.2464,7.9343,8.0255,26885.75,217592.952328,spot,INJUSDT,D,9.4429,7.973,2023-07-28 00:00:00+00:00
1690588800000,8.0255,8.1324,7.9563,8.0008,14918.78,119652.509755,spot,INJUSDT,D,9.4429,7.973,2023-07-29 00:00:00+00:00
1690675200000,8.0008,8.0246,7.6097,7.8885,48158.15,378955.722812,spot,INJUSDT,D,9.4429,7.973,2023-07-30 00:00:00+00:00
1690761600000,7.8885,8.0614,7.7723,7.858,27880.86,222279.001929,spot,INJUSDT,D,9.4429,7.8885,2023-07-31 00:00:00+00:00
1690848000000,7.858,8.0419,7.5288,8.0163,57252.59,443653.622828,spot,INJUSDT,D,9.4429,7.858,2023-08-01 00:00:00+00:00
1690934400000,8.0163,8.1896,7.92,7.9435,111978.09,903196.964033,spot,INJUSDT,D,9.4429,7.858,2023-08-02 00:00:00+00:00
1691020800000,7.9435,8.234,7.8684,8.1145,65537.22,527473.217612,spot,INJUSDT,D,9.4429,7.858,2023-08-03 00:00:00+00:00
1691107200000,8.1145,8.2626,7.9224,8.0076,41026.53,332959.000774,spot,INJUSDT,D,9.3278,7.858,2023-08-04 00:00:00+00:00
1691193600000,8.0076,8.1273,7.89,7.9422,25135.33,200136.11782,spot,INJUSDT,D,9.2942,7.858,2023-08-05 00:00:00+00:00
1691280000000,7.9422,8.0555,7.8659,7.8951,16611.08,132151.942158,spot,INJUSDT,D,9.2942,7.858,2023-08-06 00:00:00+00:00
1691366400000,7.8951,8.0825,7.6895,7.9191,64246.36,504457.893294,spot,INJUSDT,D,9.2942,7.858,2023-08-07 00:00:00+00:00
1691452800000,7.9191,8.24,7.8928,8.1135,48023.44,388607.246426,spot,INJUSDT,D,9.2942,7.858,2023-08-08 00:00:00+00:00
1691539200000,8.1135,8.1586,7.8027,7.8818,34731.08,276827.985884,spot,INJUSDT,D,9.2942,7.858,2023-08-09 00:00:00+00:00
1691625600000,7.8818,7.8818,7.5503,7.6998,47294.02,362893.042324,spot,INJUSDT,D,8.9871,7.858,2023-08-10 00:00:00+00:00
1691712000000,7.6998,7.7596,7.61,7.6313,14441.15,111195.712403,spot,INJUSDT,D,8.7015,7.6998,2023-08-11 00:00:00+00:00
1691798400000,7.6313,7.6916,7.6195,7.6622,12545.41,96038.999577,spot,INJUSDT,D,8.7015,7.6313,2023-08-12 00:00:00+00:00
1691884800000,7.6622,7.751,7.5812,7.7138,11129.16,85536.007262,spot,INJUSDT,D,8.1505,7.6313,2023-08-13 00:00:00+00:00
1691971200000,7.7138,7.7668,7.52,7.5712,25067.99,191432.389536,spot,INJUSDT,D,8.1145,7.6313,2023-08-14 00:00:00+00:00
1692057600000,7.5712,7.5712,7.0,7.1864,107312.8,780488.381246,spot,INJUSDT,D,8.1145,7.5712,2023-08-15 00:00:00+00:00
1692144000000,7.1864,7.3528,6.86,7.0475,62268.35,444285.780491,spot,INJUSDT,D,8.1145,7.1864,2023-08-16 00:00:00+00:00
1692230400000,7.0475,7.3479,6.6277,7.1483,81995.37,578550.063027,spot,INJUSDT,D,8.1145,7.0475,2023-08-17 00:00:00+00:00
1692316800000,7.1483,8.211,7.028,7.8846,114552.28,876709.436968,spot,INJUSDT,D,8.1145,7.0475,2023-08-18 00:00:00+00:00
1692403200000,7.8846,8.0852,7.7044,7.7463,44405.6,349994.516725,spot,INJUSDT,D,8.1145,7.0475,2023-08-19 00:00:00+00:00
1692489600000,7.7463,7.9608,7.6,7.7267,35427.03,275759.674507,spot,INJUSDT,D,8.1145,7.0475,2023-08-20 00:00:00+00:00
1692576000000,7.7267,7.9187,7.339,7.4604,38783.55,293469.010884,spot,INJUSDT,D,8.1145,7.0475,2023-08-21 00:00:00+00:00
1692662400000,7.4604,7.5149,7.075,7.3591,48257.43,348577.351688,spot,INJUSDT,D,8.1145,7.0475,2023-08-22 00:00:00+00:00
1692748800000,7.3591,8.0143,7.3114,7.7312,53423.25,404575.08129,spot,INJUSDT,D,8.1145,7.0475,2023-08-23 00:00:00+00:00
1692835200000,7.7312,7.7935,7.3551,7.5005,20765.56,156256.631205,spot,INJUSDT,D,8.1135,7.0475,2023-08-24 00:00:00+00:00
1692921600000,7.5005,7.6288,7.0803,7.2709,48682.56,353796.995226,spot,INJUSDT,D,8.1135,7.0475,2023-08-25 00:00:00+00:00
1693008000000,7.2709,7.2803,7.1604,7.2147,10118.69,72981.124073,spot,INJUSDT,D,8.1135,7.0475,2023-08-26 00:00:00+00:00
1693094400000,7.2147,7.2922,6.8758,6.9428,24451.34,172825.680614,spot,INJUSDT,D,8.1135,7.0475,2023-08-27 00:00:00+00:00
1693180800000,6.9428,7.0872,6.7825,6.8902,31263.96,216759.649025,spot,INJUSDT,D,8.1135,6.9428,2023-08-28 00:00:00+00:00
1693267200000,6.8902,7.6014,6.643,7.2686,73903.64,528262.492273,spot,INJUSDT,D,7.8846,6.8902,2023-08-29 00:00:00+00:00
1693353600000,7.2686,7.2858,6.9767,7.1101,41195.15,292465.089077,spot,INJUSDT,D,7.8846,6.8902,2023-08-30 00:00:00+00:00
1693440000000,7.1101,7.3129,6.8402,6.9799,42197.91,298093.869472,spot,INJUSDT,D,7.8846,6.8902,2023-08-31 00:00:00+00:00
1693526400000,6.9799,7.0908,6.7505,6.7946,110590.51,757018.123054,spot,INJUSDT,D,7.8846,6.8902,2023-09-01 00:00:00+00:00
1693612800000,6.7946,6.8682,6.6948,6.768,44860.37,305194.908081,spot,INJUSDT,D,7.8846,6.7946,2023-09-02 00:00:00+00:00
1693699200000,6.768,6.8738,6.7329,6.8258,48393.54,328674.930055,spot,INJUSDT,D,7.8846,6.768,2023-09-03 00:00:00+00:00
1693785600000,6.8258,6.969,6.75,6.836,24215.34,165836.493312,spot,INJUSDT,D,7.8846,6.768,2023-09-04 00:00:00+00:00
1693872000000,6.836,6.9077,6.7259,6.8578,12178.02,83152.107862,spot,INJUSDT,D,7.8846,6.768,2023-09-05 00:00:00+00:00
1693958400000,6.8578,6.9434,6.7333,6.8896,20900.65,142716.617274,spot,INJUSDT,D,7.8846,6.768,2023-09-06 00:00:00+00:00
1694044800000,6.8896,7.0475,6.8,6.9652,22881.25,158026.310955,spot,INJUSDT,D,7.8846,6.768,2023-09-07 00:00:00+00:00
1694131200000,6.9652,7.0,6.7025,6.7162,16609.17,113622.177922,spot,INJUSDT,D,7.7463,6.768,2023-09-08 00:00:00+00:00
1694217600000,6.7162,6.731,6.6129,6.6931,8866.46,59189.177551,spot,INJUSDT,D,7.7312,6.7162,2023-09-09 00:00:00+00:00
1694304000000,6.6931,6.7572,6.3678,6.6444,19430.27,127783.909707,spot,INJUSDT,D,7.7312,6.6931,2023-09-10 00:00:00+00:00
1694390400000,6.6444,6.6932,6.3687,6.6624,17441.06,114014.455365,spot,INJUSDT,D,7.7312,6.6444,2023-09-11 00:00:00+00:00
1694476800000,6.6624,7.1473,6.6398,6.7934,33692.71,231498.250227,spot,INJUSDT,D,7.7312,6.6444,2023-09-12 00:00:00+00:00
1694563200000,6.7934,7.0531,6.7934,6.9151,18075.55,125778.750484,spot,INJUSDT,D,7.5005,6.6444,2023-09-13 00:00:00+00:00
1694649600000,6.9151,7.0441,6.8395,7.0242,27360.82,189070.49074,spot,INJUSDT,D,7.2709,6.6444,2023-09-14 00:00:00+00:00
1694736000000,7.0242,7.2908,7.0114,7.2441,47478.75,341893.03239,spot,INJUSDT,D,7.2686,6.6444,2023-09-15 00:00:00+00:00
1694822400000,7.2441,7.4496,7.1733,7.1929,7104.36,51907.278478,spot,INJUSDT,D,7.2686,6.6444,2023-09-16 00:00:00+00:00
1694908800000,7.1929,7.1929,6.9007,7.0749,14084.54,99714.190622,spot,INJUSDT,D,7.2686,6.6444,2023-09-17 00:00:00+00:00
1694995200000,7.0749,7.6819,6.9767,7.3593,53497.44,388719.061803,spot,INJUSDT,D,7.2686,6.6444,2023-09-18 00:00:00+00:00
1695081600000,7.3593,7.5691,7.2923,7.5262,14733.55,109711.89813,spot,INJUSDT,D,7.3593,6.6444,2023-09-19 00:00:00+00:00
1695168000000,7.5262,7.9,7.3052,7.4567,12093.62,90287.29435,spot,INJUSDT,D,7.5262,6.6444,2023-09-20 00:00:00+00:00
1695254400000,7.4567,7.4886,7.05,7.0936,15049.63,107725.052316,spot,INJUSDT,D,7.5262,6.6444,2023-09-21 00:00:00+00:00
1695340800000,7.0936,7.2061,7.0008,7.1908,12303.8,87423.141091,spot,INJUSDT,D,7.5262,6.6444,2023-09-22 00:00:00+00:00
1695427200000,7.1908,7.2499,6.9987,7.0126,5118.58,36375.08676,spot,INJUSDT,D,7.5262,6.6444,2023-09-23 00:00:00+00:00
1695513600000,7.0126,7.0239,6.8663,6.9047,7443.52,51732.936647,spot,INJUSDT,D,7.5262,6.6444,2023-09-24 00:00:00+00:00
1695600000000,6.9047,7.1764,6.8232,7.1065,14760.2,103975.350966,spot,INJUSDT,D,7.5262,6.6444,2023-09-25 00:00:00+00:00
1695686400000,7.1065,7.17,6.978,7.144,10929.36,77458.231807,spot,INJUSDT,D,7.5262,6.6444,2023-09-26 00:00:00+00:00
1695772800000,7.144,7.5882,7.0491,7.1319,13400.47,96808.713981,spot,INJUSDT,D,7.5262,6.6444,2023-09-27 00:00:00+00:00
1695859200000,7.1319,7.3178,7.0583,7.2805,12806.07,92251.882269,spot,INJUSDT,D,7.5262,6.6444,2023-09-28 00:00:00+00:00
1695945600000,7.2805,7.81,7.2295,7.5763,16726.88,125133.123143,spot,INJUSDT,D,7.5262,6.6444,2023-09-29 00:00:00+00:00
1696032000000,7.5763,7.898,7.4996,7.6614,20605.11,158920.264397,spot,INJUSDT,D,7.5763,6.6444,2023-09-30 00:00:00+00:00
1696118400000,7.6614,8.0299,7.6512,7.965,22676.16,178501.571838,spot,INJUSDT,D,7.6614,6.6624,2023-10-01 00:00:00+00:00
1696204800000,7.965,8.052,7.4753,7.5846,44132.1,340126.85846,spot,INJUSDT,D,7.965,6.7934,2023-10-02 00:00:00+00:00
1696291200000,7.5846,7.733,7.35,7.3735,33360.9,249909.915574,spot,INJUSDT,D,7.965,6.9047,2023-10-03 00:00:00+00:00
1696377600000,7.3735,7.6724,7.1999,7.5991,44331.14,330685.407892,spot,INJUSDT,D,7.965,6.9047,2023-10-04 00:00:00+00:00
1696464000000,7.5991,7.84,7.4185,7.4185,20484.0,155632.991805,spot,INJUSDT,D,7.965,6.9047,2023-10-05 00:00:00+00:00
1696550400000,7.4185,7.9187,7.366,7.8377,34805.3,266149.858069,spot,INJUSDT,D,7.965,6.9047,2023-10-06 00:00:00+00:00
1696636800000,7.8377,7.99,7.7069,7.7906,20795.55,162772.873274,spot,INJUSDT,D,7.965,6.9047,2023-10-07 00:00:00+00:00
1696723200000,7.7906,7.8385,7.4351,7.7471,14204.99,109955.640635,spot,INJUSDT,D,7.965,6.9047,2023-10-08 00:00:00+00:00
1696809600000,7.7471,7.7471,7.259,7.4988,45046.04,338091.46261,spot,INJUSDT,D,7.965,6.9047,2023-10-09 00:00:00+00:00
1696896000000,7.4988,7.5253,7.21,7.338,21606.38,159212.885811,spot,INJUSDT,D,7.965,6.9047,2023-10-10 00:00:00+00:00
1696982400000,7.338,7.4251,7.1186,7.3758,37688.04,275047.066336,spot,INJUSDT,D,7.965,6.9047,2023-10-11 00:00:00+00:00
1697068800000,7.3758,7.4472,7.1642,7.3224,9236.27,67349.851988,spot,INJUSDT,D,7.965,6.9047,2023-10-12 00:00:00+00:00
1697155200000,7.3224,7.6209,7.3156,7.5644,23986.31,180018.836209,spot,INJUSDT,D,7.965,6.9047,2023-10-13 00:00:00+00:00
1697241600000,7.5644,7.7098,7.5176,7.608,10400.08,79476.19194,spot,INJUSDT,D,7.965,6.9047,2023-10-14 00:00:00+00:00
1697328000000,7.608,7.8095,7.561,7.8051,10126.75,77968.515764,spot,INJUSDT,D,7.965,7.1065,2023-10-15 00:00:00+00:00
1697414400000,7.8051,8.0682,7.6614,7.8108,31845.99,248329.732668,spot,INJUSDT,D,7.965,7.1319,2023-10-16 00:00:00+00:00
1697500800000,7.8108,7.9487,7.5868,7.8845,31068.57,242812.80516,spot,INJUSDT,D,7.965,7.1319,2023-10-17 00:00:00+00:00
1697587200000,7.8845,8.4182,7.8481,8.1094,47321.2,380600.088713,spot,INJUSDT,D,7.965,7.2805,2023-10-18 00:00:00+00:00
1697673600000,8.1094,8.9193,7.927,8.4516,114635.64,951636.985346,spot,INJUSDT,D,8.1094,7.3224,2023-10-19 00:00:00+00:00
1697760000000,8.4516,10.444,8.4315,8.4382,71888.57,635168.629681,spot,INJUSDT,D,8.4516,7.3224,2023-10-20 00:00:00+00:00
1697846400000,8.4382,9.4815,8.4268,8.8176,51964.08,461864.033396,spot,INJUSDT,D,8.4516,7.3224,2023-10-21 00:00:00+00:00
1697932800000,8.8176,9.44,8.7736,9.238,33271.18,300743.298776,spot,INJUSDT,D,8.8176,7.3224,2023-10-22 00:00:00+00:00
1698019200000,9.238,11.3534,9.1548,10.998,336033.56,3410671.403192,spot,INJUSDT,D,9.238,7.3224,2023-10-23 00:00:00+00:00
1698105600000,10.998,13.2,10.876,11.7848,485087.68,5811855.110224,spot,INJUSDT,D,10.998,7.3224,2023-10-24 00:00:00+00:00
1698192000000,11.7848,12.8,11.2,12.0982,268575.21,3231730.925084,spot,INJUSDT,D,11.7848,7.3224,2023-10-25 00:00:00+00:00
1698278400000,12.0982,13.0728,11.4801,12.1308,230114.09,2755891.58024,spot,INJUSDT,D,12.0982,7.3224,2023-10-26 00:00:00+00:00
1698364800000,12.1308,13.97,11.6958,13.561,243997.61,3131955.615489,spot,INJUSDT,D,12.1308,7.3224,2023-10-27 00:00:00+00:00
1698451200000,13.561,14.1921,13.0,13.4122,165258.22,2225959.975988,spot,INJUSDT,D,13.561,7.3224,2023-10-28 00:00:00+00:00
1698537600000,13.4122,14.2393,13.0304,13.9088,105540.91,1446406.848145,spot,INJUSDT,D,13.561,7.3224,2023-10-29 00:00:00+00:00
1698624000000,13.9088,14.5,13.1938,13.2001,202611.28,2784046.336008,spot,INJUSDT,D,13.9088,7.3224,2023-10-30 00:00:00+00:00
1698710400000,13.2001,14.2853,12.8082,14.14,201417.33,2726521.380419,spot,INJUSDT,D,13.9088,7.3224,2023-10-31 00:00:00+00:00
1698796800000,14.14,16.2612,13.1,14.8502,324436.14,4717266.334934,spot,INJUSDT,D,14.14,7.3224,2023-11-01 00:00:00+00:00
1698883200000,14.8502,15.8392,14.2222,14.3421,222984.18,3294986.798372,spot,INJUSDT,D,14.8502,7.5644,2023-11-02 00:00:00+00:00
1698969600000,14.3421,15.3596,13.84,14.7275,235885.52,3391156.042695,spot,INJUSDT,D,14.8502,7.608,2023-11-03 00:00:00+00:00
1699056000000,14.7275,15.2622,14.3573,15.1707,110258.35,1641812.060215,spot,INJUSDT,D,14.8502,7.8051,2023-11-04 00:00:00+00:00
1699142400000,15.1707,16.428,14.9595,16.0933,156715.58,2435086.432118,spot,INJUSDT,D,15.1707,7.8108,2023-11-05 00:00:00+00:00
1699228800000,16.0933,17.9784,15.6629,16.9369,171020.02,2914427.667891,spot,INJUSDT,D,16.0933,7.8845,2023-11-06 00:00:00+00:00
1699315200000,16.9369,18.1761,16.4913,16.9678,144018.2,2467361.9973,spot,INJUSDT,D,16.9369,8.1094,2023-11-07 00:00:00+00:00
1699401600000,16.9678,17.8191,16.6696,16.9248,101052.12,1735893.975591,spot,INJUSDT,D,16.9678,8.4382,2023-11-08 00:00:00+00:00
1699488000000,16.9248,18.1685,14.2143,16.4313,233151.81,3901543.984595,spot,INJUSDT,D,16.9678,8.4382,2023-11-09 00:00:00+00:00
1699574400000,16.4313,18.7649,15.7226,18.0469,260924.86,4509119.114241,spot,INJUSDT,D,16.9678,8.8176,2023-11-10 00:00:00+00:00
1699660800000,18.0469,19.19,16.914,17.7107,171902.89,3117149.416757,spot,INJUSDT,D,18.0469,9.238,2023-11-11 00:00:00+00:00
1699747200000,17.7107,18.4387,16.7524,17.2794,84432.03,1474502.364172,spot,INJUSDT,D,18.0469,10.998,2023-11-12 00:00:00+00:00
1699833600000,17.2794,17.679,15.1637,15.4397,156925.32,2564231.027249,spot,INJUSDT,D,18.0469,11.7848,2023-11-13 00:00:00+00:00
1699920000000,15.4397,16.6645,14.4375,15.5518,130374.78,2023759.748748,spot,INJUSDT,D,18.0469,12.0982,2023-11-14 00:00:00+00:00
1700006400000,15.5518,17.3267,15.5262,17.0074,168670.82,2807885.942579,spot,INJUSDT,D,18.0469,12.1308,2023-11-15 00:00:00+00:00
1700092800000,17.0074,18.5134,15.4042,15.8981,194325.31,3315398.339574,spot,INJUSDT,D,18.0469,13.2001,2023-11-16 00:00:00+00:00
1700179200000,15.8981,16.6044,15.085,16.2009,103592.98,1649220.738014,spot,INJUSDT,D,18.0469,13.2001,2023-11-17 00:00:00+00:00
1700265600000,16.2009,16.25,15.1135,15.9689,55422.37,876706.144397,spot,INJUSDT,D,18.0469,13.2001,2023-11-18 00:00:00+00:00
1700352000000,15.9689,17.0206,15.15,16.743,97719.69,1572583.925024,spot,INJUSDT,D,18.0469,13.2001,2023-11-19 00:00:00+00:00
1700438400000,16.743,17.3137,15.8154,15.8795,111993.56,1861154.976735,spot,INJUSDT,D,18.0469,14.14,2023-11-20 00:00:00+00:00
1700524800000,15.8795,16.1119,14.1679,14.197,145238.7,2226701.444698,spot,INJUSDT,D,18.0469,14.3421,2023-11-21 00:00:00+00:00
1700611200000,14.197,16.7,14.1616,16.0434,113520.9,1756545.189772,spot,INJUSDT,D,18.0469,14.197,2023-11-22 00:00:00+00:00
1700697600000,16.0434,16.0706,14.8742,15.0903,79843.88,1226006.150821,spot,INJUSDT,D,18.0469,14.197,2023-11-23 00:00:00+00:00
1700784000000,15.0903,17.0,15.0,15.5764,168055.46,2639038.498803,spot,INJUSDT,D,18.0469,14.197,2023-11-24 00:00:00+00:00
1700870400000,15.5764,18.1,15.492,17.1504,158486.13,2633262.79192,spot,INJUSDT,D,18.0469,14.197,2023-11-25 00:00:00+00:00
1700956800000,17.1504,17.3342,16.1924,17.0965,106251.05,1778154.47853,spot,INJUSDT,D,18.0469,14.197,2023-11-26 00:00:00+00:00
1701043200000,17.0965,17.97,16.042,16.7002,186231.69,3135194.746097,spot,INJUSDT,D,18.0469,14.197,2023-11-27 00:00:00+00:00
1701129600000,16.7002,17.1253,15.6198,16.5895,160655.45,2629838.51273,spot,INJUSDT,D,18.0469,14.197,2023-11-28 00:00:00+00:00
1701216000000,16.5895,17.5555,16.3434,16.764,99783.14,1682255.2951,spot,INJUSDT,D,18.0469,14.197,2023-11-29 00:00:00+00:00
1701302400000,16.764,18.49,16.6282,18.4514,139275.29,2495771.348996,spot,INJUSDT,D,18.0469,14.197,2023-11-30 00:00:00+00:00
1701388800000,18.4514,18.9065,17.7655,17.992,123551.6,2262865.171603,spot,INJUSDT,D,18.4514,14.197,2023-12-01 00:00:00+00:00
1701475200000,17.992,18.9565,17.7392,17.8509,74747.46,1358654.062613,spot,INJUSDT,D,18.4514,14.197,2023-12-02 00:00:00+00:00
1701561600000,17.8509,18.98,17.2,17.4782,116645.91,2081892.836668,spot,INJUSDT,D,18.4514,14.197,2023-12-03 00:00:00+00:00
1701648000000,17.4782,18.4182,15.0,16.8833,298390.38,5085286.029735,spot,INJUSDT,D,18.4514,14.197,2023-12-04 00:00:00+00:00
1701734400000,16.8833,17.2278,15.8201,17.1791,301858.43,4970333.126093,spot,INJUSDT,D,18.4514,14.197,2023-12-05 00:00:00+00:00
1701820800000,17.1791,17.8709,16.5536,16.9862,207445.06,3605313.242055,spot,INJUSDT,D,18.4514,14.197,2023-12-06 00:00:00+00:00
1701907200000,16.9862,19.0982,16.6394,18.32,432961.4,7789864.843681,spot,INJUSDT,D,18.4514,14.197,2023-12-07 00:00:00+00:00
1701993600000,18.32,20.54,18.2336,19.298,275378.17,5330921.029283,spot,INJUSDT,D,18.4514,14.197,2023-12-08 00:00:00+00:00
1702080000000,19.298,19.8438,18.3234,18.6171,400953.67,7695605.40791,spot,INJUSDT,D,19.298,14.197,2023-12-09 00:00:00+00:00
1702166400000,18.6171,22.1645,18.4932,21.2537,256726.69,5095790.640298,spot,INJUSDT,D,19.298,14.197,2023-12-10 00:00:00+00:00
1702252800000,21.2537,24.5,18.3501,23.9926,848695.6,19066707.314799,spot,INJUSDT,D,21.2537,14.197,2023-12-11 00:00:00+00:00
1702339200000,23.9926,28.4998,23.8664,25.6375,635994.31,16700263.332932,spot,INJUSDT,D,23.9926,15.0903,2023-12-12 00:00:00+00:00
1702425600000,25.6375,30.22,23.87,29.2974,570269.03,14949926.069586,spot,INJUSDT,D,25.6375,15.0903,2023-12-13 00:00:00+00:00
1702512000000,29.2974,33.875,29.2373,30.4136,478612.93,14960850.110857,spot,INJUSDT,D,29.2974,15.5764,2023-12-14 00:00:00+00:00
1702598400000,30.4136,34.9998,29.5,29.783,507786.78,16292133.289574,spot,INJUSDT,D,30.4136,16.5895,2023-12-15 00:00:00+00:00
1702684800000,29.783,33.7018,28.6353,29.5837,365713.83,11173971.648437,spot,INJUSDT,D,30.4136,16.5895,2023-12-16 00:00:00+00:00
1702771200000,29.5837,30.9696,28.326,30.6421,175084.35,5215455.967749,spot,INJUSDT,D,30.4136,16.5895,2023-12-17 00:00:00+00:00
1702857600000,30.6421,37.5978,29.0542,36.8859,533932.02,17241709.158677,spot,INJUSDT,D,30.6421,16.5895,2023-12-18 00:00:00+00:00
1702944000000,36.8859,39.9483,35.9401,36.404,503144.74,19113937.505154,spot,INJUSDT,D,36.8859,16.764,2023-12-19 00:00:00+00:00
1703030400000,36.404,43.4015,36.3953,42.5705,573113.5,23483650.920241,spot,INJUSDT,D,36.8859,16.8833,2023-12-20 00:00:00+00:00
1703116800000,42.5705,43.1487,38.1,40.3055,419216.05,16803818.705135,spot,INJUSDT,D,42.5705,16.8833,2023-12-21 00:00:00+00:00
1703203200000,40.3055,42.709,37.5983,38.6092,244104.68,9577059.782303,spot,INJUSDT,D,42.5705,16.8833,2023-12-22 00:00:00+00:00
1703289600000,38.6092,42.863,37.0795,42.2077,363772.63,14449512.722896,spot,INJUSDT,D,42.5705,16.8833,2023-12-23 00:00:00+00:00
1703376000000,42.2077,44.8662,40.0,40.6103,337588.99,14341722.82238,spot,INJUSDT,D,42.5705,16.8833,2023-12-24 00:00:00+00:00
1703462400000,40.6103,43.7726,39.6762,43.3903,317634.47,13335682.607171,spot,INJUSDT,D,42.5705,16.9862,2023-12-25 00:00:00+00:00
1703548800000,43.3903,43.4705,35.2379,38.8284,361352.65,14289984.313692,spot,INJUSDT,D,43.3903,16.9862,2023-12-26 00:00:00+00:00
1703635200000,38.8284,39.7379,36.2081,39.2617,320215.23,12234330.446423,spot,INJUSDT,D,43.3903,18.32,2023-12-27 00:00:00+00:00
1703721600000,39.2617,40.0,34.4771,35.5893,250320.86,9172397.463031,spot,INJUSDT,D,43.3903,18.6171,2023-12-28 00:00:00+00:00
1703808000000,35.5893,37.9974,34.5037,35.7562,221880.65,8024688.156122,spot,INJUSDT,D,43.3903,18.6171,2023-12-29 00:00:00+00:00
1703894400000,35.7562,38.5,34.0219,37.2827,264679.79,9559827.348149,spot,INJUSDT,D,43.3903,21.2537,2023-12-30 00:00:00+00:00
1703980800000,37.2827,39.0,35.1813,35.7627,190895.66,7160054.887932,spot,INJUSDT,D,43.3903,23.9926,2023-12-31 00:00:00+00:00
1704067200000,35.7627,39.9989,35.1423,39.7584,182255.68,6900213.556211,spot,INJUSDT,D,43.3903,25.6375,2024-01-01 00:00:00+00:00
1704153600000,39.7584,42.0,36.7918,37.1435,219949.17,8565357.843404,spot,INJUSDT,D,43.3903,29.2974,2024-01-02 00:00:00+00:00
1704240000000,37.1435,37.853,27.8238,34.2348,326923.83,11116611.426202,spot,INJUSDT,D,43.3903,29.5837,2024-01-03 00:00:00+00:00
1704326400000,34.2348,40.8039,33.7164,38.4896,242544.84,9179062.243184,spot,INJUSDT,D,43.3903,29.5837,2024-01-04 00:00:00+00:00
1704412800000,38.4896,40.7054,35.2412,38.5852,312219.1,11764458.329888,spot,INJUSDT,D,43.3903,29.5837,2024-01-05 00:00:00+00:00
1704499200000,38.5852,40.4877,35.0998,40.1732,231877.27,8836288.981407,spot,INJUSDT,D,43.3903,30.6421,2024-01-06 00:00:00+00:00
1704585600000,40.1732,40.866,35.8345,36.5232,136117.95,5152961.397291,spot,INJUSDT,D,43.3903,34.2348,2024-01-07 00:00:00+00:00
1704672000000,36.5232,43.3,33.4362,42.3812,356206.62,13869431.8365,spot,INJUSDT,D,43.3903,34.2348,2024-01-08 00:00:00+00:00
1704758400000,42.3812,45.3304,39.5717,39.8882,258818.84,10962320.882678,spot,INJUSDT,D,43.3903,34.2348,2024-01-09 00:00:00+00:00
1704844800000,39.8882,42.7727,36.896,40.9747,407941.78,16038194.737482,spot,INJUSDT,D,43.3903,34.2348,2024-01-10 00:00:00+00:00
1704931200000,40.9747,42.5,37.9716,38.638,340382.7,13580958.015676,spot,INJUSDT,D,43.3903,34.2348,2024-01-11 00:00:00+00:00
1705017600000,38.638,39.7766,35.15,36.7966,223411.33,8440673.676943,spot,INJUSDT,D,43.3903,34.2348,2024-01-12 00:00:00+00:00
1705104000000,36.7966,39.6001,34.5824,39.0102,164410.33,6120899.546783,spot,INJUSDT,D,43.3903,34.2348,2024-01-13 00:00:00+00:00
1705190400000,39.0102,40.07,36.7295,36.9186,184720.99,7132408.452854,spot,INJUSDT,D,43.3903,34.2348,2024-01-14 00:00:00+00:00
1705276800000,36.9186,41.4973,36.68,41.1354,250122.79,9775504.012008,spot,INJUSDT,D,42.3812,34.2348,2024-01-15 00:00:00+00:00
1705363200000,41.1354,42.895,38.95,40.8587,234934.07,9573904.420773,spot,INJUSDT,D,42.3812,34.2348,2024-01-16 00:00:00+00:00
1705449600000,40.8587,41.439,38.5496,39.2356,200719.46,8038343.085938,spot,INJUSDT,D,42.3812,34.2348,2024-01-17 00:00:00+00:00
1705536000000,39.2356,39.2702,35.4752,36.012,257759.09,9710582.511624,spot,INJUSDT,D,42.3812,34.2348,2024-01-18 00:00:00+00:00
1705622400000,36.012,37.4545,33.6849,36.2251,212868.84,7652737.197383,spot,INJUSDT,D,42.3812,34.2348,2024-01-19 00:00:00+00:00
1705708800000,36.2251,36.4804,34.7476,35.4338,102854.94,3658028.25507,spot,INJUSDT,D,42.3812,34.2348,2024-01-20 00:00:00+00:00
1705795200000,35.4338,37.3818,34.7995,35.9369,139370.6,5073774.369193,spot,INJUSDT,D,42.3812,34.2348,2024-01-21 00:00:00+00:00
1705881600000,35.9369,36.4124,33.2408,33.8792,331541.1,11491245.95953,spot,INJUSDT,D,42.3812,34.2348,2024-01-22 00:00:00+00:00
1705968000000,33.8792,35.1523,30.3118,32.9934,290938.26,9383733.634455,spot,INJUSDT,D,42.3812,33.8792,2024-01-23 00:00:00+00:00
1706054400000,32.9934,34.4316,32.0366,33.064,137778.11,4577461.425887,spot,INJUSDT,D,42.3812,32.9934,2024-01-24 00:00:00+00:00
1706140800000,33.064,33.1633,30.809,31.8118,124152.15,3952428.989587,spot,INJUSDT,D,42.3812,32.9934,2024-01-25 00:00:00+00:00
1706227200000,31.8118,34.613,31.1278,33.7534,299639.45,10050739.010624,spot,INJUSDT,D,42.3812,31.8118,2024-01-26 00:00:00+00:00
1706313600000,33.7534,35.7809,33.638,35.1372,94191.0,3274787.190094,spot,INJUSDT,D,42.3812,31.8118,2024-01-27 00:00:00+00:00
1706400000000,35.1372,38.7073,35.0357,36.4822,209929.67,7757869.423565,spot,INJUSDT,D,42.3812,31.8118,2024-01-28 00:00:00+00:00
1706486400000,36.4822,39.5915,36.1993,37.5223,264237.53,10053057.563709,spot,INJUSDT,D,41.1354,31.8118,2024-01-29 00:00:00+00:00
1706572800000,37.5223,38.359,35.2222,35.5341,399644.94,14681155.530269,spot,INJUSDT,D,41.1354,31.8118,2024-01-30 00:00:00+00:00
1706659200000,35.5341,36.9,33.272,33.895,302809.13,10532959.36036,spot,INJUSDT,D,41.1354,31.8118,2024-01-31 00:00:00+00:00
1706745600000,33.895,34.7038,33.1322,33.8794,164533.62,5555764.171804,spot,INJUSDT,D,41.1354,31.8118,2024-02-01 00:00:00+00:00
1706832000000,33.8794,35.5367,33.5298,34.6549,162831.93,5613675.838328,spot,INJUSDT,D,41.1354,31.8118,2024-02-02 00:00:00+00:00
1706918400000,34.6549,35.0837,32.5254,33.0724,128773.7,4311256.932598,spot,INJUSDT,D,41.1354,31.8118,2024-02-03 00:00:00+00:00
1707004800000,33.0724,33.5,32.2,32.3853,89612.39,2958333.597445,spot,INJUSDT,D,41.1354,31.8118,2024-02-04 00:00:00+00:00
1707091200000,32.3853,33.6133,31.4241,32.0047,111882.19,3645374.333458,spot,INJUSDT,D,40.8587,31.8118,2024-02-05 00:00:00+00:00
1707177600000,32.0047,32.6881,31.0316,31.212,131306.62,4182498.664196,spot,INJUSDT,D,39.2356,31.8118,2024-02-06 00:00:00+00:00
1707264000000,31.212,33.516,31.19,32.961,105540.39,3418862.866071,spot,INJUSDT,D,37.5223,31.212,2024-02-07 00:00:00+00:00
1707350400000,32.961,34.2465,32.5,32.792,148943.21,4973321.371078,spot,INJUSDT,D,37.5223,31.212,2024-02-08 00:00:00+00:00
1707436800000,32.792,35.7,32.792,34.935,301049.08,10500368.569783,spot,INJUSDT,D,37.5223,31.212,2024-02-09 00:00:00+00:00
1707523200000,34.935,37.227,33.954,35.019,173303.32,6096904.360534,spot,INJUSDT,D,37.5223,31.212,2024-02-10 00:00:00+00:00
1707609600000,35.019,36.744,34.765,35.228,392824.17,14031782.14534,spot,INJUSDT,D,37.5223,31.212,2024-02-11 00:00:00+00:00
1707696000000,35.228,37.303,33.505,36.832,327632.52,11680720.04213,spot,INJUSDT,D,37.5223,31.212,2024-02-12 00:00:00+00:00
1707782400000,36.832,37.388,34.507,34.729,421976.06,15068181.39945,spot,INJUSDT,D,37.5223,31.212,2024-02-13 00:00:00+00:00
1707868800000,34.729,36.222,34.237,35.487,253558.1,8935010.06527,spot,INJUSDT,D,37.5223,31.212,2024-02-14 00:00:00+00:00
1707955200000,35.487,36.243,33.297,34.211,334630.57,11566167.27257,spot,INJUSDT,D,37.5223,31.212,2024-02-15 00:00:00+00:00
1708041600000,34.211,36.0,33.356,34.572,464011.28,16118246.91218,spot,INJUSDT,D,37.5223,31.212,2024-02-16 00:00:00+00:00
1708128000000,34.572,38.017,33.599,37.858,430640.67,15351991.169937,spot,INJUSDT,D,37.5223,31.212,2024-02-17 00:00:00+00:00
1708214400000,37.858,39.768,36.481,38.931,414857.85,15920741.915669,spot,INJUSDT,D,37.858,31.212,2024-02-18 00:00:00+00:00
1708300800000,38.931,40.0,36.725,37.624,462802.73,17532188.31019,spot,INJUSDT,D,38.931,31.212,2024-02-19 00:00:00+00:00
1708387200000,37.624,39.39,33.904,36.449,656277.24,24174001.43046,spot,INJUSDT,D,38.931,31.212,2024-02-20 00:00:00+00:00
1708473600000,36.449,36.605,33.542,35.092,338522.66,11823926.25711,spot,INJUSDT,D,38.931,31.212,2024-02-21 00:00:00+00:00
1708560000000,35.092,35.545,33.655,34.158,299495.18,10415389.74247,spot,INJUSDT,D,38.931,31.212,2024-02-22 00:00:00+00:00
1708646400000,34.158,34.843,31.991,32.935,307412.78,10283883.64783,spot,INJUSDT,D,38.931,31.212,2024-02-23 00:00:00+00:00
1708732800000,32.935,34.946,32.54,34.639,141424.32,4827538.11037,spot,INJUSDT,D,38.931,31.212,2024-02-24 00:00:00+00:00
1708819200000,34.639,35.975,33.6,35.836,228914.89,8004844.13325,spot,INJUSDT,D,38.931,31.212,2024-02-25 00:00:00+00:00
1708905600000,35.836,37.548,34.769,36.665,390107.99,14129207.81441,spot,INJUSDT,D,38.931,31.212,2024-02-26 00:00:00+00:00
1708992000000,36.665,40.64,35.915,40.003,590922.15,22633246.196865,spot,INJUSDT,D,38.931,32.792,2024-02-27 00:00:00+00:00
1709078400000,40.003,44.052,34.358,43.305,878820.49,35281799.399964,spot,INJUSDT,D,40.003,32.792,2024-02-28 00:00:00+00:00
1709164800000,43.305,45.865,39.86,40.925,691201.23,29872968.955314,spot,INJUSDT,D,43.305,32.935,2024-02-29 00:00:00+00:00
1709251200000,40.925,45.806,40.613,45.177,476580.79,20471854.97282,spot,INJUSDT,D,43.305,32.935,2024-03-01 00:00:00+00:00
1709337600000,45.177,46.535,40.863,42.759,305949.68,13285107.157117,spot,INJUSDT,D,45.177,32.935,2024-03-02 00:00:00+00:00
1709424000000,42.759,43.0,37.947,40.698,514007.71,21004600.27621,spot,INJUSDT,D,45.177,32.935,2024-03-03 00:00:00+00:00
1709510400000,40.698,42.047,38.5,40.58,714935.81,28619946.513,spot,INJUSDT,D,45.177,32.935,2024-03-04 00:00:00+00:00
1709596800000,40.58,42.75,30.313,37.744,974141.99,37496733.485849,spot,INJUSDT,D,45.177,32.935,2024-03-05 00:00:00+00:00
1709683200000,37.744,39.659,35.834,38.886,395203.87,15096224.57376,spot,INJUSDT,D,45.177,32.935,2024-03-06 00:00:00+00:00
1709769600000,38.886,45.0,38.835,42.851,566366.61,24164673.32478,spot,INJUSDT,D,45.177,32.935,2024-03-07 00:00:00+00:00
1709856000000,42.851,44.568,39.4,41.481,388222.31,16353115.528,spot,INJUSDT,D,45.177,32.935,2024-03-08 00:00:00+00:00
1709942400000,41.481,42.736,40.421,40.913,288526.58,11977675.60877,spot,INJUSDT,D,45.177,32.935,2024-03-09 00:00:00+00:00
1710028800000,40.913,41.392,38.823,40.12,275893.08,11127891.05428,spot,INJUSDT,D,45.177,32.935,2024-03-10 00:00:00+00:00
1710115200000,40.12,43.914,37.868,42.627,452344.86,18656683.11411,spot,INJUSDT,D,45.177,32.935,2024-03-11 00:00:00+00:00
1710201600000,42.627,52.201,41.295,51.923,992709.54,47205580.602446,spot,INJUSDT,D,45.177,32.935,2024-03-12 00:00:00+00:00
1710288000000,51.923,52.897,47.6,48.359,457719.33,22687334.86757,spot,INJUSDT,D,51.923,32.935,2024-03-13 00:00:00+00:00
1710374400000,48.359,53.26,45.621,47.921,869375.99,42697653.09149,spot,INJUSDT,D,51.923,32.935,2024-03-14 00:00:00+00:00
1710460800000,47.921,48.516,40.105,44.445,717322.79,31363964.60033,spot,INJUSDT,D,51.923,34.639,2024-03-15 00:00:00+00:00
1710547200000,44.445,49.075,39.905,40.714,611172.48,26985074.47117,spot,INJUSDT,D,51.923,35.836,2024-03-16 00:00:00+00:00
1710633600000,40.714,43.5,39.2,42.793,414946.41,17295173.27462,spot,INJUSDT,D,51.923,36.665,2024-03-17 00:00:00+00:00
1710720000000,42.793,42.799,37.834,38.414,511710.38,20561975.52553,spot,INJUSDT,D,51.923,37.744,2024-03-18 00:00:00+00:00
1710806400000,38.414,39.075,34.152,35.895,531863.37,19306014.74084,spot,INJUSDT,D,51.923,37.744,2024-03-19 00:00:00+00:00
1710892800000,35.895,39.439,34.015,39.127,426320.18,15665043.78622,spot,INJUSDT,D,51.923,35.895,2024-03-20 00:00:00+00:00
1710979200000,39.127,39.628,36.8,37.132,317036.42,12145193.64272,spot,INJUSDT,D,51.923,35.895,2024-03-21 00:00:00+00:00
1711065600000,37.132,37.762,34.378,35.268,248910.81,8944209.49004,spot,INJUSDT,D,51.923,35.895,2024-03-22 00:00:00+00:00
1711152000000,35.268,36.324,34.741,34.996,132930.5,4742666.75786,spot,INJUSDT,D,51.923,35.268,2024-03-23 00:00:00+00:00
1711238400000,34.996,36.727,34.886,36.493,239897.16,8627734.83985,spot,INJUSDT,D,51.923,34.996,2024-03-24 00:00:00+00:00
1711324800000,36.493,38.401,35.924,37.855,418762.92,15659570.86522,spot,INJUSDT,D,51.923,34.996,2024-03-25 00:00:00+00:00
1711411200000,37.855,41.465,37.753,39.037,420845.34,16818295.64029,spot,INJUSDT,D,51.923,34.996,2024-03-26 00:00:00+00:00
1711497600000,39.037,39.666,37.156,37.932,456180.61,17496073.13938,spot,INJUSDT,D,51.923,34.996,2024-03-27 00:00:00+00:00
1711584000000,37.932,38.875,37.13,38.455,294935.0,11214562.04534,spot,INJUSDT,D,51.923,34.996,2024-03-28 00:00:00+00:00
1711670400000,38.455,38.621,36.187,36.666,272218.01,10122605.88228,spot,INJUSDT,D,51.923,34.996,2024-03-29 00:00:00+00:00
1711756800000,36.666,37.106,35.661,35.809,185088.41,6775633.47108,spot,INJUSDT,D,51.923,34.996,2024-03-30 00:00:00+00:00
1711843200000,35.809,37.661,35.693,36.815,195005.12,7199932.72265,spot,INJUSDT,D,51.923,34.996,2024-03-31 00:00:00+00:00
1711929600000,36.815,37.237,32.888,34.2,527039.97,18231636.43275,spot,INJUSDT,D,51.923,34.996,2024-04-01 00:00:00+00:00
1712016000000,34.2,34.2,31.195,32.566,394106.34,12758204.76919,spot,INJUSDT,D,48.359,34.2,2024-04-02 00:00:00+00:00
1712102400000,32.566,34.769,31.523,32.896,537059.76,18141615.57025,spot,INJUSDT,D,47.921,32.566,2024-04-03 00:00:00+00:00
1712188800000,32.896,34.2,31.927,32.8,360015.58,11932746.58503,spot,INJUSDT,D,44.445,32.566,2024-04-04 00:00:00+00:00
1712275200000,32.8,34.896,30.718,34.297,325099.88,10574046.04412,spot,INJUSDT,D,42.793,32.566,2024-04-05 00:00:00+00:00
1712361600000,34.297,35.81,33.666,34.825,300918.72,10477070.9727,spot,INJUSDT,D,42.793,32.566,2024-04-06 00:00:00+00:00
1712448000000,34.825,36.295,34.721,35.313,229341.44,8132679.77794,spot,INJUSDT,D,39.127,32.566,2024-04-07 00:00:00+00:00
1712534400000,35.313,36.541,34.538,35.745,236755.16,8443116.77538,spot,INJUSDT,D,39.127,32.566,2024-04-08 00:00:00+00:00
1712620800000,35.745,35.987,32.942,33.208,270417.97,9326236.9122,spot,INJUSDT,D,39.127,32.566,2024-04-09 00:00:00+00:00
1712707200000,33.208,33.44,31.6,33.301,252193.18,8268446.76114,spot,INJUSDT,D,39.037,32.566,2024-04-10 00:00:00+00:00
1712793600000,33.301,33.521,31.622,31.997,187593.75,6096802.58563,spot,INJUSDT,D,39.037,32.566,2024-04-11 00:00:00+00:00
1712880000000,31.997,32.518,21.357,26.73,1584094.2,42201973.376162,spot,INJUSDT,D,39.037,31.997,2024-04-12 00:00:00+00:00
1712966400000,26.73,27.25,18.029,23.239,2121346.81,48769879.04117,spot,INJUSDT,D,39.037,26.73,2024-04-13 00:00:00+00:00
1713052800000,23.239,26.454,22.519,26.028,1285933.79,31224924.0389,spot,INJUSDT,D,39.037,23.239,2024-04-14 00:00:00+00:00
1713139200000,26.028,27.487,23.336,24.453,791464.41,20207270.5343,spot,INJUSDT,D,39.037,23.239,2024-04-15 00:00:00+00:00
1713225600000,24.453,25.537,23.2,25.026,501049.92,12228120.20087,spot,INJUSDT,D,38.455,23.239,2024-04-16 00:00:00+00:00
1713312000000,25.026,29.201,24.225,26.029,679462.88,17597811.39932,spot,INJUSDT,D,38.455,23.239,2024-04-17 00:00:00+00:00
1713398400000,26.029,28.921,24.771,27.634,570694.52,15276581.1767,spot,INJUSDT,D,36.815,23.239,2024-04-18 00:00:00+00:00
1713484800000,27.634,28.821,25.0,28.179,509102.24,13934426.82023,spot,INJUSDT,D,36.815,23.239,2024-04-19 00:00:00+00:00
1713571200000,28.179,29.875,27.349,29.725,358015.0,10178770.00907,spot,INJUSDT,D,36.815,23.239,2024-04-20 00:00:00+00:00
1713657600000,29.725,29.878,27.786,28.277,232913.76,6700887.6914,spot,INJUSDT,D,35.745,23.239,2024-04-21 00:00:00+00:00
1713744000000,28.277,29.481,27.925,28.655,213066.11,6098706.55308,spot,INJUSDT,D,35.745,23.239,2024-04-22 00:00:00+00:00
1713830400000,28.655,29.171,27.575,28.031,233994.15,6601344.86503,spot,INJUSDT,D,35.745,23.239,2024-04-23 00:00:00+00:00
1713916800000,28.031,29.388,26.16,26.434,346033.19,9627645.13493,spot,INJUSDT,D,35.745,23.239,2024-04-24 00:00:00+00:00
1714003200000,26.434,27.099,25.565,26.5,187133.89,4923839.2449,spot,INJUSDT,D,35.745,23.239,2024-04-25 00:00:00+00:00
1714089600000,26.5,26.749,25.363,25.546,170327.05,4437573.20817,spot,INJUSDT,D,35.745,23.239,2024-04-26 00:00:00+00:00
1714176000000,25.546,26.313,24.66,25.937,192857.53,4933637.23683,spot,INJUSDT,D,35.745,23.239,2024-04-27 00:00:00+00:00
1714262400000,25.937,26.796,25.641,25.776,152130.54,4007574.10293,spot,INJUSDT,D,35.745,23.239,2024-04-28 00:00:00+00:00
1714348800000,25.776,26.236,24.931,25.865,205444.3,5238226.64655,spot,INJUSDT,D,33.301,23.239,2024-04-29 00:00:00+00:00
1714435200000,25.865,26.22,22.828,23.751,398065.52,9505056.99453,spot,INJUSDT,D,33.301,23.239,2024-04-30 00:00:00+00:00
1714521600000,23.751,24.23,22.019,23.67,331447.58,7626050.055,spot,INJUSDT,D,31.997,23.239,2024-05-01 00:00:00+00:00
1714608000000,23.67,23.721,22.645,23.421,295178.0,6869163.0593,spot,INJUSDT,D,29.725,23.239,2024-05-02 00:00:00+00:00
1714694400000,23.421,25.075,22.956,24.966,409688.34,9780978.89075,spot,INJUSDT,D,29.725,23.239,2024-05-03 00:00:00+00:00
1714780800000,24.966,25.264,24.424,24.648,173988.98,4315859.80117,spot,INJUSDT,D,29.725,23.421,2024-05-04 00:00:00+00:00
1714867200000,24.648,24.733,23.82,24.211,191890.99,4655184.2566,spot,INJUSDT,D,29.725,23.421,2024-05-05 00:00:00+00:00
1714953600000,24.211,26.203,23.842,25.59,456538.19,11568637.0883,spot,INJUSDT,D,29.725,23.421,2024-05-06 00:00:00+00:00
1715040000000,25.59,26.305,24.622,24.708,371721.59,9428001.27418,spot,INJUSDT,D,29.725,23.421,2024-05-07 00:00:00+00:00
1715126400000,24.708,25.121,22.919,23.299,393410.92,9376023.78786,spot,INJUSDT,D,29.725,23.421,2024-05-08 00:00:00+00:00
1715212800000,23.299,24.307,22.814,23.99,242477.52,5704793.00096,spot,INJUSDT,D,29.725,23.299,2024-05-09 00:00:00+00:00
1715299200000,23.99,27.093,23.839,24.861,564291.37,14412007.55073,spot,INJUSDT,D,29.725,23.299,2024-05-10 00:00:00+00:00
1715385600000,24.861,25.228,23.632,23.714,257411.76,6258631.18563,spot,INJUSDT,D,28.655,23.299,2024-05-11 00:00:00+00:00
1715472000000,23.714,24.15,23.273,23.508,151352.82,3594536.90897,spot,INJUSDT,D,28.655,23.299,2024-05-12 00:00:00+00:00
1715558400000,23.508,23.672,22.046,22.628,347033.98,7941605.27255,spot,INJUSDT,D,28.031,23.299,2024-05-13 00:00:00+00:00
1715644800000,22.628,22.862,21.242,21.379,300122.56,6576450.88839,spot,INJUSDT,D,26.5,22.628,2024-05-14 00:00:00+00:00
1715731200000,21.379,23.951,21.079,23.61,362963.76,8178809.51524,spot,INJUSDT,D,26.5,21.379,2024-05-15 00:00:00+00:00
1715817600000,23.61,24.137,22.737,23.424,279901.7,6579110.1557,spot,INJUSDT,D,25.937,21.379,2024-05-16 00:00:00+00:00
1715904000000,23.424,25.339,23.273,24.743,310898.55,7641204.81986,spot,INJUSDT,D,25.937,21.379,2024-05-17 00:00:00+00:00
1715990400000,24.743,25.299,24.533,24.999,142440.64,3547799.56749,spot,INJUSDT,D,25.865,21.379,2024-05-18 00:00:00+00:00
1716076800000,24.999,25.211,24.056,24.139,165062.08,4062073.27086,spot,INJUSDT,D,25.865,21.379,2024-05-19 00:00:00+00:00
1716163200000,24.139,28.437,23.74,28.227,528183.02,13914540.08612,spot,INJUSDT,D,25.59,21.379,2024-05-20 00:00:00+00:00
1716249600000,28.227,28.962,26.37,27.639,273735.81,7698814.03219,spot,INJUSDT,D,28.227,21.379,2024-05-21 00:00:00+00:00
1716336000000,27.639,27.847,26.745,27.306,169872.31,4637277.0681,spot,INJUSDT,D,28.227,21.379,2024-05-22 00:00:00+00:00
1716422400000,27.306,27.734,24.589,26.178,371346.91,9815884.60224,spot,INJUSDT,D,28.227,21.379,2024-05-23 00:00:00+00:00
1716508800000,26.178,26.334,24.577,25.7,196260.34,4953063.49682,spot,INJUSDT,D,28.227,21.379,2024-05-24 00:00:00+00:00
1716595200000,25.7,26.604,25.259,25.356,116597.17,3001080.34845,spot,INJUSDT,D,28.227,21.379,2024-05-25 00:00:00+00:00
1716681600000,25.356,25.619,24.454,24.849,142334.84,3560681.49587,spot,INJUSDT,D,28.227,21.379,2024-05-26 00:00:00+00:00
1716768000000,24.849,26.508,24.758,25.767,216801.78,5557637.88633,spot,INJUSDT,D,28.227,21.379,2024-05-27 00:00:00+00:00
1716854400000,25.767,26.328,24.657,26.242,520632.75,13188759.85455,spot,INJUSDT,D,28.227,21.379,2024-05-28 00:00:00+00:00
1716940800000,26.242,27.073,25.974,26.434,290042.58,7681046.14292,spot,INJUSDT,D,28.227,21.379,2024-05-29 00:00:00+00:00
1717027200000,26.434,27.206,24.882,24.892,274054.27,7096251.25766,spot,INJUSDT,D,28.227,21.379,2024-05-30 00:00:00+00:00
1717113600000,24.892,25.6,24.24,24.429,218782.06,5426736.33392,spot,INJUSDT,D,28.227,21.379,2024-05-31 00:00:00+00:00
1717200000000,24.429,24.717,24.118,24.51,84727.45,2067001.00335,spot,INJUSDT,D,28.227,21.379,2024-06-01 00:00:00+00:00
1717286400000,24.51,24.899,23.856,24.225,134810.44,3299449.63586,spot,INJUSDT,D,28.227,21.379,2024-06-02 00:00:00+00:00
1717372800000,24.225,25.947,23.898,24.976,261144.35,6608757.61774,spot,INJUSDT,D,28.227,21.379,2024-06-03 00:00:00+00:00
1717459200000,24.976,25.984,24.149,25.239,306477.89,7687844.40155,spot,INJUSDT,D,28.227,23.424,2024-06-04 00:00:00+00:00
1717545600000,25.239,27.109,25.179,26.807,287573.98,7587121.75469,spot,INJUSDT,D,28.227,23.424,2024-06-05 00:00:00+00:00
1717632000000,26.807,28.64,26.0,28.077,441886.58,12159081.80673,spot,INJUSDT,D,28.227,24.139,2024-06-06 00:00:00+00:00
1717718400000,28.077,31.008,25.593,27.928,855072.89,24438140.5923,spot,INJUSDT,D,28.227,24.139,2024-06-07 00:00:00+00:00
1717804800000,27.928,30.838,26.681,26.788,669898.34,19445477.58379,spot,INJUSDT,D,28.227,24.139,2024-06-08 00:00:00+00:00
1717891200000,26.788,29.3,26.636,27.81,356630.84,9996607.87316,spot,INJUSDT,D,28.227,24.225,2024-06-09 00:00:00+00:00
1717977600000,27.81,29.7,26.567,29.328,557348.35,15797680.04423,spot,INJUSDT,D,28.077,24.225,2024-06-10 00:00:00+00:00
1718064000000,29.328,29.822,25.513,27.169,784823.33,21851295.26808,spot,INJUSDT,D,29.328,24.225,2024-06-11 00:00:00+00:00
1718150400000,27.169,32.991,26.831,31.249,1018318.79,30819613.33461,spot,INJUSDT,D,29.328,24.225,2024-06-12 00:00:00+00:00
1718236800000,31.249,31.728,28.385,28.831,808396.43,24256456.23567,spot,INJUSDT,D,31.249,24.225,2024-06-13 00:00:00+00:00
1718323200000,28.831,29.358,25.633,26.207,607227.51,16752600.87432,spot,INJUSDT,D,31.249,24.225,2024-06-14 00:00:00+00:00
1718409600000,26.207,26.642,25.213,25.403,293740.7,7623133.23893,spot,INJUSDT,D,31.249,24.225,2024-06-15 00:00:00+00:00
1718496000000,25.403,25.499,24.435,25.051,221368.3,5533951.33893,spot,INJUSDT,D,31.249,24.225,2024-06-16 00:00:00+00:00
1718582400000,25.051,25.358,20.784,21.629,733535.94,16577807.89767,spot,INJUSDT,D,31.249,24.225,2024-06-17 00:00:00+00:00
1718668800000,21.629,21.735,18.45,20.471,866491.08,17348766.92908,spot,INJUSDT,D,31.249,21.629,2024-06-18 00:00:00+00:00
1718755200000,20.471,21.576,20.047,21.208,642716.21,13434511.90402,spot,INJUSDT,D,31.249,20.471,2024-06-19 00:00:00+00:00
1718841600000,21.208,23.235,20.512,20.758,839347.39,18263521.34208,spot,INJUSDT,D,31.249,20.471,2024-06-20 00:00:00+00:00
1718928000000,20.758,21.85,20.156,21.32,349012.53,7337556.49775,spot,INJUSDT,D,31.249,20.471,2024-06-21 00:00:00+00:00
1719014400000,21.32,21.367,20.822,20.996,198296.11,4177524.92057,spot,INJUSDT,D,31.249,20.471,2024-06-22 00:00:00+00:00
1719100800000,20.996,21.494,20.022,20.262,203013.3,4210555.39459,spot,INJUSDT,D,31.249,20.471,2024-06-23 00:00:00+00:00
1719187200000,20.262,22.797,19.423,22.698,495152.79,10386458.72827,spot,INJUSDT,D,31.249,20.262,2024-06-24 00:00:00+00:00
1719273600000,22.698,23.476,22.406,23.443,234917.15,5410349.1798,spot,INJUSDT,D,31.249,20.262,2024-06-25 00:00:00+00:00
1719360000000,23.443,23.805,22.47,23.025,255376.55,5873807.71035,spot,INJUSDT,D,31.249,20.262,2024-06-26 00:00:00+00:00
1719446400000,23.025,24.273,22.693,23.243,264259.19,6213377.7036,spot,INJUSDT,D,31.249,20.262,2024-06-27 00:00:00+00:00
1719532800000,23.243,23.473,22.622,23.067,290418.38,6700177.68581,spot,INJUSDT,D,31.249,20.262,2024-06-28 00:00:00+00:00
1719619200000,23.067,23.757,22.693,22.817,212027.05,4894429.5452,spot,INJUSDT,D,31.249,20.262,2024-06-29 00:00:00+00:00
1719705600000,22.817,23.8,22.026,23.533,222514.98,5082922.284,spot,INJUSDT,D,31.249,20.262,2024-06-30 00:00:00+00:00
1719792000000,23.533,24.092,22.523,22.548,151901.26,3550572.37558,spot,INJUSDT,D,31.249,20.262,2024-07-01 00:00:00+00:00
1719878400000,22.548,23.625,22.284,23.351,142629.74,3241756.79521,spot,INJUSDT,D,31.249,20.262,2024-07-02 00:00:00+00:00
1719964800000,23.351,23.553,20.954,21.473,277922.56,6085883.74067,spot,INJUSDT,D,28.831,20.262,2024-07-03 00:00:00+00:00
1720051200000,21.473,21.692,19.333,19.828,405528.94,8301985.24546,spot,INJUSDT,D,26.207,20.262,2024-07-04 00:00:00+00:00
1720137600000,19.828,19.896,16.856,18.905,751029.82,13693522.06336,spot,INJUSDT,D,25.403,19.828,2024-07-05 00:00:00+00:00
1720224000000,18.905,20.433,18.582,20.159,209231.49,4080829.74436,spot,INJUSDT,D,25.051,18.905,2024-07-06 00:00:00+00:00
1720310400000,20.159,20.159,18.369,18.623,228916.79,4401795.33,spot,INJUSDT,D,23.533,18.905,2024-07-07 00:00:00+00:00
1720396800000,18.623,20.5,17.706,19.738,374134.07,7248253.05773,spot,INJUSDT,D,23.533,18.623,2024-07-08 00:00:00+00:00
1720483200000,19.738,21.159,19.37,20.904,333743.13,6801426.07507,spot,INJUSDT,D,23.533,18.623,2024-07-09 00:00:00+00:00
1720569600000,20.904,21.371,20.353,20.548,263288.18,5477733.52684,spot,INJUSDT,D,23.533,18.623,2024-07-10 00:00:00+00:00
1720656000000,20.548,21.246,19.538,19.607,249753.91,5107956.38952,spot,INJUSDT,D,23.533,18.623,2024-07-11 00:00:00+00:00
1720742400000,19.607,20.085,19.096,19.773,177676.9,3481326.89695,spot,INJUSDT,D,23.533,18.623,2024-07-12 00:00:00+00:00
1720828800000,19.773,20.669,19.693,20.265,152585.11,3075266.82515,spot,INJUSDT,D,23.533,18.623,2024-07-13 00:00:00+00:00
1720915200000,20.265,21.728,20.23,21.639,122505.42,2544988.71669,spot,INJUSDT,D,23.533,18.623,2024-07-14 00:00:00+00:00
1721001600000,21.639,23.133,21.528,22.981,355304.76,7884880.02207,spot,INJUSDT,D,23.533,18.623,2024-07-15 00:00:00+00:00
1721088000000,22.981,24.944,22.602,24.912,558337.66,13158983.6041,spot,INJUSDT,D,23.533,18.623,2024-07-16 00:00:00+00:00
1721174400000,24.912,26.783,24.851,25.656,610470.62,15820320.2543,spot,INJUSDT,D,24.912,18.623,2024-07-17 00:00:00+00:00
1721260800000,25.656,27.105,25.006,26.926,410306.64,10632404.91257,spot,INJUSDT,D,25.656,18.623,2024-07-18 00:00:00+00:00
1721347200000,26.926,27.416,25.622,26.413,469620.39,12388080.86232,spot,INJUSDT,D,26.926,18.623,2024-07-19 00:00:00+00:00
1721433600000,26.413,28.1,26.215,27.605,333591.56,9059578.50336,spot,INJUSDT,D,26.926,18.623,2024-07-20 00:00:00+00:00
1721520000000,27.605,28.022,26.181,27.474,279251.77,7611689.06686,spot,INJUSDT,D,27.605,18.623,2024-07-21 00:00:00+00:00
1721606400000,27.474,27.541,25.66,25.797,314538.42,8346419.04244,spot,INJUSDT,D,27.605,18.623,2024-07-22 00:00:00+00:00
1721692800000,25.797,26.16,23.562,24.073,419253.81,10366298.97848,spot,INJUSDT,D,27.605,18.623,2024-07-23 00:00:00+00:00
1721779200000,24.073,25.86,23.716,23.908,353829.18,8784398.39537,spot,INJUSDT,D,27.605,18.623,2024-07-24 00:00:00+00:00
1721865600000,23.908,24.641,22.691,23.828,646443.34,15329122.59816,spot,INJUSDT,D,27.605,18.623,2024-07-25 00:00:00+00:00
1721952000000,23.828,26.175,23.771,25.771,420705.91,10637709.08159,spot,INJUSDT,D,27.605,18.623,2024-07-26 00:00:00+00:00
1722038400000,25.771,26.134,24.22,25.316,361500.17,9095889.32067,spot,INJUSDT,D,27.605,18.623,2024-07-27 00:00:00+00:00
1722124800000,25.316,25.455,23.968,24.213,202570.87,5003485.99715,spot,INJUSDT,D,27.605,19.607,2024-07-28 00:00:00+00:00
1722211200000,24.213,26.109,24.15,24.156,415522.69,10440779.54456,spot,INJUSDT,D,27.605,19.607,2024-07-29 00:00:00+00:00
1722297600000,24.156,24.815,22.872,23.172,247318.03,5905115.83246,spot,INJUSDT,D,27.605,19.607,2024-07-30 00:00:00+00:00
1722384000000,23.172,23.577,21.921,21.958,409003.08,9332634.62933,spot,INJUSDT,D,27.605,19.607,2024-07-31 00:00:00+00:00
1722470400000,21.958,22.346,20.107,21.662,636416.43,13504579.77925,spot,INJUSDT,D,27.605,19.773,2024-08-01 00:00:00+00:00
1722556800000,21.662,21.803,19.455,19.756,547967.69,11281920.94483,spot,INJUSDT,D,27.605,20.265,2024-08-02 00:00:00+00:00
1722643200000,19.756,20.036,17.867,18.474,555544.5,10559557.0376,spot,INJUSDT,D,27.605,19.756,2024-08-03 00:00:00+00:00
1722729600000,18.474,18.729,16.742,17.653,414354.99,7395255.61816,spot,INJUSDT,D,27.605,18.474,2024-08-04 00:00:00+00:00
1722816000000,17.653,17.94,13.509,15.319,1487625.7,22554972.64432,spot,INJUSDT,D,27.605,17.653,2024-08-05 00:00:00+00:00
1722902400000,15.319,16.952,15.305,16.042,579128.38,9462500.24223,spot,INJUSDT,D,27.605,15.319,2024-08-06 00:00:00+00:00
1722988800000,16.042,16.673,14.607,14.935,358860.73,5643280.20566,spot,INJUSDT,D,27.605,15.319,2024-08-07 00:00:00+00:00
1723075200000,14.935,18.443,14.65,18.355,539668.98,9010393.71081,spot,INJUSDT,D,27.605,14.935,2024-08-08 00:00:00+00:00
1723161600000,18.355,18.459,17.085,18.156,394442.88,6988820.42452,spot,INJUSDT,D,27.605,14.935,2024-08-09 00:00:00+00:00
1723248000000,18.156,20.125,17.555,19.246,501640.0,9400742.10782,spot,INJUSDT,D,27.474,14.935,2024-08-10 00:00:00+00:00
1723334400000,19.246,19.402,17.609,17.654,338554.61,6291215.69483,spot,INJUSDT,D,25.797,14.935,2024-08-11 00:00:00+00:00
1723420800000,17.654,19.312,17.6,18.525,555907.65,10205284.29223,spot,INJUSDT,D,25.771,14.935,2024-08-12 00:00:00+00:00
1723507200000,18.525,19.574,18.036,19.442,464208.42,8716777.16953,spot,INJUSDT,D,25.771,14.935,2024-08-13 00:00:00+00:00
1723593600000,19.442,19.922,18.587,18.669,240994.51,4626217.36589,spot,INJUSDT,D,25.771,14.935,2024-08-14 00:00:00+00:00
1723680000000,18.669,19.256,17.773,18.137,368668.58,6797479.50317,spot,INJUSDT,D,25.771,14.935,2024-08-15 00:00:00+00:00
1723766400000,18.137,19.25,17.265,17.879,451981.36,8181412.42491,spot,INJUSDT,D,25.316,14.935,2024-08-16 00:00:00+00:00
1723852800000,17.879,18.662,17.773,18.623,155099.36,2829006.80059,spot,INJUSDT,D,24.213,14.935,2024-08-17 00:00:00+00:00
1723939200000,18.623,18.791,17.839,17.858,210912.4,3891658.62535,spot,INJUSDT,D,24.156,14.935,2024-08-18 00:00:00+00:00
1724025600000,17.858,18.212,17.513,18.179,252822.82,4513173.31812,spot,INJUSDT,D,23.172,14.935,2024-08-19 00:00:00+00:00
1724112000000,18.179,19.169,18.0,18.429,269284.53,5013557.97729,spot,INJUSDT,D,21.958,14.935,2024-08-20 00:00:00+00:00
1724198400000,18.429,19.868,18.209,19.682,227599.73,4322730.17938,spot,INJUSDT,D,21.662,14.935,2024-08-21 00:00:00+00:00
1724284800000,19.682,20.672,19.394,20.063,196082.12,3932338.44942,spot,INJUSDT,D,19.756,14.935,2024-08-22 00:00:00+00:00
1724371200000,20.063,22.364,20.051,22.169,292640.54,6189767.26415,spot,INJUSDT,D,20.063,14.935,2024-08-23 00:00:00+00:00
1724457600000,22.169,22.97,21.624,22.184,198942.9,4411935.283,spot,INJUSDT,D,22.169,14.935,2024-08-24 00:00:00+00:00
1724544000000,22.184,22.875,20.954,22.37,206074.33,4491791.3545,spot,INJUSDT,D,22.184,14.935,2024-08-25 00:00:00+00:00
1724630400000,22.37,22.757,20.576,20.639,241241.5,5170622.16021,spot,INJUSDT,D,22.37,14.935,2024-08-26 00:00:00+00:00
1724716800000,20.639,21.303,18.777,19.008,414464.22,8346216.0798,spot,INJUSDT,D,22.37,14.935,2024-08-27 00:00:00+00:00
1724803200000,19.008,19.31,17.562,17.948,462905.07,8572075.57819,spot,INJUSDT,D,22.37,17.654,2024-08-28 00:00:00+00:00
1724889600000,17.948,18.666,17.222,17.462,288249.01,5195865.84238,spot,INJUSDT,D,22.37,17.654,2024-08-29 00:00:00+00:00
1724976000000,17.462,18.06,16.607,17.407,295306.54,5137856.48406,spot,INJUSDT,D,22.37,17.462,2024-08-30 00:00:00+00:00
1725062400000,17.407,17.633,17.024,17.264,96974.52,1679840.25175,spot,INJUSDT,D,22.37,17.407,2024-08-31 00:00:00+00:00
1725148800000,17.264,17.344,16.257,16.433,205140.84,3473997.60204,spot,INJUSDT,D,22.37,17.264,2024-09-01 00:00:00+00:00
1725235200000,16.433,17.486,16.343,17.177,176227.83,2970445.22872,spot,INJUSDT,D,22.37,16.433,2024-09-02 00:00:00+00:00
1725321600000,17.177,17.534,15.786,15.863,229163.62,3817202.80369,spot,INJUSDT,D,22.37,16.433,2024-09-03 00:00:00+00:00
1725408000000,15.863,17.651,15.017,17.318,394673.26,6483932.57935,spot,INJUSDT,D,22.37,15.863,2024-09-04 00:00:00+00:00
1725494400000,17.318,17.471,16.732,17.015,170749.0,2917176.5087,spot,INJUSDT,D,22.37,15.863,2024-09-05 00:00:00+00:00
1725580800000,17.015,17.528,15.575,16.198,328140.39,5448622.00212,spot,INJUSDT,D,22.37,15.863,2024-09-06 00:00:00+00:00
1725667200000,16.198,16.647,15.815,16.013,115325.28,1872335.9644,spot,INJUSDT,D,22.37,15.863,2024-09-07 00:00:00+00:00
1725753600000,16.013,16.629,15.905,16.243,123877.92,2013918.26694,spot,INJUSDT,D,22.37,15.863,2024-09-08 00:00:00+00:00
1725840000000,16.243,17.624,16.029,17.295,293807.68,4892572.57547,spot,INJUSDT,D,22.37,15.863,2024-09-09 00:00:00+00:00
1725926400000,17.295,18.476,16.964,18.179,193769.26,3455488.48639,spot,INJUSDT,D,22.37,15.863,2024-09-10 00:00:00+00:00
1726012800000,18.179,19.032,17.618,18.719,344976.05,6315811.65638,spot,INJUSDT,D,22.37,15.863,2024-09-11 00:00:00+00:00
1726099200000,18.719,19.478,18.696,19.349,390541.15,7470306.33706,spot,INJUSDT,D,22.37,15.863,2024-09-12 00:00:00+00:00
1726185600000,19.349,20.093,18.443,19.802,326229.84,6276715.98888,spot,INJUSDT,D,22.37,15.863,2024-09-13 00:00:00+00:00
1726272000000,19.802,20.128,19.196,19.616,132409.49,2590564.05617,spot,INJUSDT,D,22.37,15.863,2024-09-14 00:00:00+00:00
1726358400000,19.616,20.197,18.476,18.647,256623.98,5032303.2747,spot,INJUSDT,D,20.639,15.863,2024-09-15 00:00:00+00:00
1726444800000,18.647,18.948,17.8,18.008,191235.9,3488490.9488,spot,INJUSDT,D,19.802,15.863,2024-09-16 00:00:00+00:00
1726531200000,18.008,19.977,17.729,19.496,307919.6,5768922.27546,spot,INJUSDT,D,19.802,15.863,2024-09-17 00:00:00+00:00
1726617600000,19.496,19.841,18.179,19.817,232873.04,4416508.02209,spot,INJUSDT,D,19.802,15.863,2024-09-18 00:00:00+00:00
1726704000000,19.817,21.044,19.769,20.447,267311.22,5490257.42984,spot,INJUSDT,D,19.817,15.863,2024-09-19 00:00:00+00:00
1726790400000,20.447,21.419,20.11,21.065,218434.04,4549172.23253,spot,INJUSDT,D,20.447,15.863,2024-09-20 00:00:00+00:00
1726876800000,21.065,21.685,20.483,21.116,79422.88,1670535.86474,spot,INJUSDT,D,21.065,15.863,2024-09-21 00:00:00+00:00
