Time,Open,Close,High,Low,Volume,amount,realOpen,realClose,realHigh,realLow,symbol
2024-01-11 00:00:00+00:00,0.3199,0.2792,0.3209,0.213,4982516.0,12975588.643,0.3199,0.2792,0.3209,0.213,WIF_USDT
2024-01-12 00:00:00+00:00,0.2792,0.2167,0.2899,0.1801,4155602.0,9748300.744,0.279,0.2167,0.2899,0.1801,WIF_USDT
2024-01-13 00:00:00+00:00,0.2167,0.276,0.2888,0.1858,3141978.0,7316032.022,0.2167,0.276,0.2888,0.1858,WIF_USDT
2024-01-14 00:00:00+00:00,0.276,0.3245,0.3948,0.2468,8544623.0,27409107.155,0.2764,0.3245,0.3948,0.2468,WIF_USDT
2024-01-15 00:00:00+00:00,0.3245,0.2918,0.3899,0.2072,6624830.0,21960795.982,0.3244,0.2918,0.3899,0.2072,WIF_USDT
2024-01-16 00:00:00+00:00,0.2918,0.2966,0.3434,0.2558,3681143.0,10773586.395,0.2918,0.2966,0.3434,0.2558,WIF_USDT
2024-01-17 00:00:00+00:00,0.2966,0.4291,0.4581,0.2902,6983431.0,26486050.693,0.2971,0.4291,0.4581,0.2902,WIF_USDT
2024-01-18 00:00:00+00:00,0.4291,0.3632,0.5545,0.3524,10649428.0,45342753.331,0.4291,0.3632,0.5545,0.3524,WIF_USDT
2024-01-19 00:00:00+00:00,0.3632,0.4007,0.417,0.322,3651394.0,13471823.369,0.3629,0.4007,0.417,0.322,WIF_USDT
2024-01-20 00:00:00+00:00,0.4007,0.337,0.4092,0.3302,1457850.0,5185810.403,0.4004,0.337,0.4092,0.3302,WIF_USDT
2024-01-21 00:00:00+00:00,0.337,0.3033,0.348,0.2942,1464713.0,4674989.069,0.3369,0.3033,0.348,0.2942,WIF_USDT
2024-01-22 00:00:00+00:00,0.3033,0.2329,0.309,0.2281,2980270.0,7982586.241,0.3024,0.2329,0.309,0.2281,WIF_USDT
2024-01-23 00:00:00+00:00,0.2329,0.2792,0.2823,0.2066,3868387.0,9380542.651,0.2328,0.2792,0.2823,0.2066,WIF_USDT
2024-01-24 00:00:00+00:00,0.2792,0.3504,0.3594,0.2739,14907026.0,48574881.077,0.2796,0.3504,0.3594,0.2739,WIF_USDT
2024-01-25 00:00:00+00:00,0.3504,0.3847,0.4077,0.3244,11812888.0,43282442.714,0.35,0.3847,0.4077,0.3244,WIF_USDT
2024-01-26 00:00:00+00:00,0.3847,0.3518,0.3896,0.3469,4829663.0,17712409.648,0.3843,0.3518,0.3896,0.3469,WIF_USDT
2024-01-27 00:00:00+00:00,0.3518,0.345,0.3647,0.3001,4299106.0,14187387.702,0.3528,0.345,0.3647,0.3001,WIF_USDT
2024-01-28 00:00:00+00:00,0.345,0.3295,0.3744,0.3105,3800422.0,13161787.48,0.345,0.3295,0.3744,0.3105,WIF_USDT
2024-01-29 00:00:00+00:00,0.3295,0.3152,0.3327,0.2942,3463193.0,10839832.044,0.3294,0.3152,0.3327,0.2942,WIF_USDT
2024-01-30 00:00:00+00:00,0.3152,0.2838,0.3438,0.2815,3142330.0,9836005.213,0.3156,0.2838,0.3438,0.2815,WIF_USDT
2024-01-31 00:00:00+00:00,0.2838,0.2524,0.2864,0.2456,2943638.0,7891942.055,0.284,0.2524,0.2864,0.2456,WIF_USDT
2024-02-01 00:00:00+00:00,0.2524,0.2288,0.2539,0.2107,5490451.0,12564305.604,0.2525,0.2288,0.2539,0.2107,WIF_USDT
2024-02-02 00:00:00+00:00,0.2288,0.2606,0.274,0.2024,8453184.0,19942043.698,0.2292,0.2606,0.274,0.2024,WIF_USDT
2024-02-03 00:00:00+00:00,0.2606,0.2434,0.2757,0.2354,9064737.0,23132248.322,0.2602,0.2434,0.2757,0.2354,WIF_USDT
2024-02-04 00:00:00+00:00,0.2434,0.2115,0.2434,0.2113,3456299.0,7769421.096,0.2431,0.2115,0.2433,0.2113,WIF_USDT
2024-02-05 00:00:00+00:00,0.2115,0.2134,0.2247,0.2021,4791429.0,10266967.027,0.2118,0.2134,0.2247,0.2021,WIF_USDT
2024-02-06 00:00:00+00:00,0.2134,0.1908,0.2157,0.1876,6317128.0,12650777.556,0.2133,0.1908,0.2157,0.1876,WIF_USDT
2024-02-07 00:00:00+00:00,0.1908,0.2168,0.2335,0.1705,13568994.0,27236523.694,0.1906,0.2168,0.2335,0.1705,WIF_USDT
2024-02-08 00:00:00+00:00,0.2168,0.2187,0.2417,0.2085,14550610.0,32852724.89,0.2166,0.2187,0.2417,0.2085,WIF_USDT
2024-02-09 00:00:00+00:00,0.2187,0.2513,0.2642,0.2137,12032207.0,28830039.075,0.2193,0.2513,0.2642,0.2137,WIF_USDT
2024-02-10 00:00:00+00:00,0.2513,0.3181,0.3389,0.2512,22427385.0,67783674.493,0.2514,0.3181,0.3389,0.2512,WIF_USDT
2024-02-11 00:00:00+00:00,0.3181,0.2976,0.3442,0.2961,9783263.0,31434435.259,0.3182,0.2976,0.3442,0.2961,WIF_USDT
2024-02-12 00:00:00+00:00,0.2976,0.3691,0.375,0.2829,18800285.0,62378323.685,0.2977,0.3691,0.375,0.2829,WIF_USDT
2024-02-13 00:00:00+00:00,0.3691,0.371,0.4073,0.3647,17099321.0,65807011.819,0.3692,0.371,0.4073,0.3647,WIF_USDT
2024-02-14 00:00:00+00:00,0.371,0.4397,0.4771,0.361,10938022.0,47445692.738,0.3713,0.4397,0.4771,0.361,WIF_USDT
2024-02-15 00:00:00+00:00,0.4397,0.4061,0.4755,0.3991,7794344.0,33719198.721,0.4394,0.4061,0.4755,0.3991,WIF_USDT
2024-02-16 00:00:00+00:00,0.4061,0.3726,0.4194,0.3532,6259305.0,23936423.181,0.4062,0.3726,0.4194,0.3532,WIF_USDT
2024-02-17 00:00:00+00:00,0.3726,0.3859,0.3883,0.3408,3409632.0,12507125.281,0.3724,0.3859,0.3883,0.3408,WIF_USDT
2024-02-18 00:00:00+00:00,0.3859,0.4104,0.4491,0.3669,6643322.0,27386892.792,0.386,0.4104,0.4491,0.3669,WIF_USDT
2024-02-19 00:00:00+00:00,0.4104,0.3788,0.4153,0.3742,4911014.0,19271003.725,0.4108,0.3788,0.4153,0.3742,WIF_USDT
2024-02-20 00:00:00+00:00,0.3788,0.3984,0.4071,0.3112,8132244.0,30232883.372,0.3789,0.3984,0.4071,0.3112,WIF_USDT
2024-02-21 00:00:00+00:00,0.3984,0.352,0.3994,0.3144,6550386.0,22877391.784,0.3986,0.352,0.3994,0.3144,WIF_USDT
2024-02-22 00:00:00+00:00,0.352,0.3066,0.3523,0.2951,5480409.0,17843594.966,0.3522,0.3066,0.3523,0.2951,WIF_USDT
2024-02-23 00:00:00+00:00,0.3066,0.2985,0.3175,0.283,4484254.0,13529561.706,0.3071,0.2985,0.3175,0.283,WIF_USDT
2024-02-24 00:00:00+00:00,0.2985,0.3417,0.3436,0.2862,5057332.0,15947262.062,0.2987,0.3417,0.3436,0.2862,WIF_USDT
2024-02-25 00:00:00+00:00,0.3417,0.3497,0.3626,0.3112,4751756.0,15906758.202,0.3418,0.3497,0.3626,0.3112,WIF_USDT
2024-02-26 00:00:00+00:00,0.3497,0.4707,0.4934,0.3415,8802453.0,36437844.054,0.3498,0.4707,0.4934,0.3415,WIF_USDT
2024-02-27 00:00:00+00:00,0.4707,0.61,0.693,0.467,23246318.0,133800784.754,0.4707,0.61,0.693,0.467,WIF_USDT
2024-02-28 00:00:00+00:00,0.61,0.8799,0.9046,0.5916,23674765.0,170807236.596,0.6101,0.8799,0.9046,0.5916,WIF_USDT
2024-02-29 00:00:00+00:00,0.8799,0.8321,0.8933,0.7103,12754620.0,102499909.116,0.8802,0.8321,0.8933,0.7103,WIF_USDT
2024-03-01 00:00:00+00:00,0.8321,1.242,1.3537,0.8152,17196424.0,178332009.497,0.8307,1.242,1.3537,0.8152,WIF_USDT
2024-03-02 00:00:00+00:00,1.242,1.3809,1.4076,1.1342,12016902.0,149861813.896,1.2404,1.3809,1.4076,1.1342,WIF_USDT
2024-03-03 00:00:00+00:00,1.3809,1.6126,1.81,1.3511,14778860.0,239144544.065,1.3818,1.6126,1.81,1.3511,WIF_USDT
2024-03-04 00:00:00+00:00,1.6126,1.4734,1.9357,1.33,13107021.0,209584267.406,1.6123,1.4734,1.9357,1.33,WIF_USDT
2024-03-05 00:00:00+00:00,1.4734,1.5485,1.96,1.0002,23443139.0,352061523.542,1.4776,1.5485,1.96,1.0002,WIF_USDT
2024-03-06 00:00:00+00:00,1.5485,1.847,2.275,1.4337,18933867.0,367721961.039,1.5493,1.847,2.275,1.4337,WIF_USDT
2024-03-07 00:00:00+00:00,1.847,1.7074,1.8943,1.647,8733047.0,155081276.023,1.8471,1.7074,1.8943,1.647,WIF_USDT
2024-03-08 00:00:00+00:00,1.7074,2.1594,2.3857,1.6997,12067645.0,256522584.986,1.7089,2.1594,2.3857,1.6997,WIF_USDT
2024-03-09 00:00:00+00:00,2.1594,2.1699,2.2461,2.0233,4696136.0,99920745.044,2.1594,2.1699,2.2461,2.0233,WIF_USDT
2024-03-10 00:00:00+00:00,2.1699,2.1374,2.4858,2.0311,4861891.0,108339576.898,2.1707,2.1374,2.4858,2.0311,WIF_USDT
2024-03-11 00:00:00+00:00,2.1374,2.1098,2.2866,2.0056,3064720.0,65025271.352,2.1375,2.1098,2.2866,2.0056,WIF_USDT
2024-03-12 00:00:00+00:00,2.1098,2.1671,2.1854,1.7932,3993500.0,78680888.661,2.1096,2.1671,2.1854,1.7932,WIF_USDT
2024-03-13 00:00:00+00:00,2.1671,2.6475,2.7743,2.1332,5972343.0,144579334.197,2.1666,2.6475,2.7743,2.1332,WIF_USDT
2024-03-14 00:00:00+00:00,2.6475,3.1598,3.4659,2.6469,10368896.0,327039799.986,2.6483,3.1598,3.4659,2.6469,WIF_USDT
2024-03-15 00:00:00+00:00,3.1598,2.8174,3.5717,2.7011,10129232.0,310942935.039,3.1629,2.8174,3.5717,2.7011,WIF_USDT
2024-03-16 00:00:00+00:00,2.8174,2.2295,2.9416,2.06,8657751.0,214440009.85,2.8183,2.2295,2.9416,2.06,WIF_USDT
2024-03-17 00:00:00+00:00,2.2295,3.041,3.154,2.1729,8608129.0,229251660.452,2.2295,3.041,3.154,2.1729,WIF_USDT
2024-03-18 00:00:00+00:00,3.041,2.5544,3.3025,2.5024,12329734.0,358271690.73,3.041,2.5544,3.3025,2.5024,WIF_USDT
2024-03-19 00:00:00+00:00,2.5544,2.3196,2.7501,2.1061,9282371.0,221003571.69,2.5522,2.3196,2.7501,2.1061,WIF_USDT
2024-03-20 00:00:00+00:00,2.3196,2.6067,2.7467,1.9524,8234811.0,190165159.939,2.3197,2.6067,2.7467,1.9524,WIF_USDT
2024-03-21 00:00:00+00:00,2.6067,2.2878,2.63,2.2298,3750108.0,89880109.417,2.606,2.2878,2.63,2.2298,WIF_USDT
2024-03-22 00:00:00+00:00,2.2878,2.232,2.5011,2.1121,3219571.0,72911075.011,2.2884,2.232,2.5011,2.1121,WIF_USDT
2024-03-23 00:00:00+00:00,2.232,2.2806,2.4742,2.1392,2563890.0,58858894.178,2.2329,2.2806,2.4742,2.1392,WIF_USDT
2024-03-24 00:00:00+00:00,2.2806,2.8211,2.8556,2.2069,3259215.0,82360428.465,2.28,2.8211,2.8556,2.2069,WIF_USDT
2024-03-25 00:00:00+00:00,2.8211,2.687,2.9991,2.6304,4933854.0,137113901.884,2.8218,2.687,2.9991,2.6304,WIF_USDT
2024-03-26 00:00:00+00:00,2.687,3.2516,3.388,2.6689,5101544.0,159805346.682,2.687,3.2516,3.388,2.6689,WIF_USDT
2024-03-27 00:00:00+00:00,3.2516,3.0536,3.46,2.9812,4179944.0,134518021.642,3.2522,3.0536,3.46,2.9812,WIF_USDT
2024-03-28 00:00:00+00:00,3.0536,3.7588,4.018,2.9238,6046607.0,208768324.206,3.0537,3.7588,4.018,2.9238,WIF_USDT
2024-03-29 00:00:00+00:00,3.7588,3.9241,4.2495,3.5004,9104713.0,351866430.231,3.7586,3.9241,4.2495,3.5004,WIF_USDT
2024-03-30 00:00:00+00:00,3.9241,4.2713,4.7101,3.9222,8716446.0,382466284.797,3.9232,4.2713,4.7101,3.9222,WIF_USDT
2024-03-31 00:00:00+00:00,4.2713,4.5819,4.8826,4.1917,6324450.0,291189073.602,4.2713,4.5819,4.8826,4.1917,WIF_USDT
2024-04-01 00:00:00+00:00,4.5819,4.2237,4.6559,3.9685,4439131.0,190850225.175,4.5817,4.2237,4.6559,3.9685,WIF_USDT
2024-04-02 00:00:00+00:00,4.2237,3.8498,4.2509,3.6671,3996904.0,156914533.323,4.2237,3.8498,4.2509,3.6671,WIF_USDT
2024-04-03 00:00:00+00:00,3.8498,3.6285,4.172,3.604,3329509.0,128916519.254,3.8501,3.6285,4.172,3.604,WIF_USDT
2024-04-04 00:00:00+00:00,3.6285,3.5471,4.0424,3.4623,2953444.0,110827789.059,3.6286,3.5471,4.0424,3.4623,WIF_USDT
2024-04-05 00:00:00+00:00,3.5471,3.2217,3.606,3.1788,3400495.0,113353952.747,3.5471,3.2217,3.606,3.1788,WIF_USDT
2024-04-06 00:00:00+00:00,3.2217,3.5684,3.588,3.1912,2516896.0,84309064.923,3.2216,3.5684,3.588,3.1912,WIF_USDT
2024-04-07 00:00:00+00:00,3.5684,3.7617,3.9046,3.4505,4091703.0,151787073.178,3.5668,3.7617,3.9046,3.4505,WIF_USDT
2024-04-08 00:00:00+00:00,3.7617,4.207,4.348,3.631,4496623.0,183080661.051,3.7611,4.207,4.348,3.631,WIF_USDT
2024-04-09 00:00:00+00:00,4.207,3.5891,4.22,3.531,3437940.0,131297803.035,4.207,3.5891,4.22,3.531,WIF_USDT
2024-04-10 00:00:00+00:00,3.5891,3.6258,3.7139,3.2859,3505139.0,122342817.431,3.5888,3.6258,3.7139,3.2859,WIF_USDT
2024-04-11 00:00:00+00:00,3.6258,3.4578,3.859,3.4322,2731351.0,98851947.29,3.6237,3.4578,3.859,3.4322,WIF_USDT
2024-04-12 00:00:00+00:00,3.4578,2.6583,3.564,2.333,4853623.0,142889889.208,3.4581,2.6583,3.564,2.333,WIF_USDT
2024-04-13 00:00:00+00:00,2.6583,2.3266,2.8858,1.8853,6120391.0,148129696.545,2.657,2.3266,2.8858,1.8853,WIF_USDT
2024-04-14 00:00:00+00:00,2.3266,3.058,3.0974,2.2472,6834430.0,187327278.605,2.3251,3.058,3.0974,2.2472,WIF_USDT
2024-04-15 00:00:00+00:00,3.058,2.7474,3.1404,2.4551,5385420.0,151382092.419,3.0596,2.7474,3.1404,2.4551,WIF_USDT
2024-04-16 00:00:00+00:00,2.7474,2.6791,2.7982,2.4088,4776175.0,124106607.012,2.7515,2.6791,2.7982,2.4088,WIF_USDT
2024-04-17 00:00:00+00:00,2.6791,2.4222,2.791,2.3233,4904463.0,123795114.663,2.6762,2.4222,2.791,2.3233,WIF_USDT
2024-04-18 00:00:00+00:00,2.4222,2.5674,2.7116,2.2443,4665165.0,115533577.433,2.4217,2.5674,2.7116,2.2443,WIF_USDT
2024-04-19 00:00:00+00:00,2.5674,2.9204,3.0894,2.2492,7677408.0,215686499.179,2.5666,2.9204,3.0894,2.2492,WIF_USDT
2024-04-20 00:00:00+00:00,2.9204,3.0254,3.0925,2.7149,5388131.0,155911574.731,2.9204,3.0254,3.0925,2.7149,WIF_USDT
2024-04-21 00:00:00+00:00,3.0254,2.9272,3.2124,2.8851,4981639.0,151244979.369,3.0254,2.9272,3.2124,2.8851,WIF_USDT
2024-04-22 00:00:00+00:00,2.9272,2.907,3.0818,2.7742,4626968.0,135169492.227,2.9266,2.907,3.0818,2.7742,WIF_USDT
2024-04-23 00:00:00+00:00,2.907,3.0148,3.1154,2.7387,4735611.0,140168307.182,2.9071,3.0148,3.1154,2.7387,WIF_USDT
2024-04-24 00:00:00+00:00,3.0148,3.0992,3.5592,2.9756,6639383.0,217661086.816,3.0148,3.0992,3.5592,2.9756,WIF_USDT
2024-04-25 00:00:00+00:00,3.0992,3.149,3.3477,2.8454,5303974.0,161872675.93,3.102,3.149,3.3477,2.8454,WIF_USDT
2024-04-26 00:00:00+00:00,3.149,2.8457,3.1825,2.8177,3375490.0,101092596.169,3.1487,2.8457,3.1825,2.8177,WIF_USDT
2024-04-27 00:00:00+00:00,2.8457,2.7648,2.8583,2.5985,3516191.0,95851954.045,2.8448,2.7648,2.8583,2.5985,WIF_USDT
2024-04-28 00:00:00+00:00,2.7648,2.65,2.8371,2.6281,2506494.0,68849646.742,2.765,2.65,2.8371,2.6281,WIF_USDT
2024-04-29 00:00:00+00:00,2.65,2.7693,2.8123,2.546,4180033.0,110986011.261,2.65,2.7693,2.8123,2.546,WIF_USDT
2024-04-30 00:00:00+00:00,2.7693,2.5022,2.8041,2.3407,4814761.0,120615280.806,2.7691,2.5022,2.8041,2.3407,WIF_USDT
2024-05-01 00:00:00+00:00,2.5022,2.611,2.712,2.2626,5524977.0,136514655.285,2.5046,2.611,2.712,2.2626,WIF_USDT
2024-05-02 00:00:00+00:00,2.611,2.7308,2.8441,2.491,4213573.0,113066379.796,2.6118,2.7308,2.8441,2.491,WIF_USDT
2024-05-03 00:00:00+00:00,2.7308,3.1071,3.1603,2.7208,4344893.0,126805786.698,2.7304,3.1071,3.1603,2.7208,WIF_USDT
2024-05-04 00:00:00+00:00,3.1071,3.391,3.4798,3.0723,4526803.0,151275350.154,3.109,3.391,3.4798,3.0723,WIF_USDT
2024-05-05 00:00:00+00:00,3.391,3.2186,3.5106,3.1721,3842430.0,127944783.85,3.3926,3.2186,3.5106,3.1721,WIF_USDT
2024-05-06 00:00:00+00:00,3.2186,3.3613,3.6793,3.2079,4406383.0,150282944.964,3.2189,3.3613,3.6793,3.2079,WIF_USDT
2024-05-07 00:00:00+00:00,3.3613,3.0003,3.5797,2.9963,4241906.0,138311558.842,3.3622,3.0003,3.5797,2.9963,WIF_USDT
2024-05-08 00:00:00+00:00,3.0003,2.7782,3.0173,2.7329,4351097.0,126071974.052,3.0003,2.7782,3.0173,2.7329,WIF_USDT
2024-05-09 00:00:00+00:00,2.7782,3.1206,3.1835,2.7752,3567417.0,104319134.665,2.7782,3.1206,3.1835,2.7752,WIF_USDT
2024-05-10 00:00:00+00:00,3.1206,2.9745,3.2541,2.9011,3262651.0,100183170.386,3.1206,2.9745,3.2541,2.9011,WIF_USDT
2024-05-11 00:00:00+00:00,2.9745,3.0054,3.15,2.974,2340153.0,71128847.074,2.974,3.0054,3.15,2.974,WIF_USDT
2024-05-12 00:00:00+00:00,3.0054,2.97,3.0642,2.9244,1779739.0,53255962.132,3.0052,2.97,3.0642,2.9244,WIF_USDT
2024-05-13 00:00:00+00:00,2.97,3.0084,3.3647,2.7538,4449054.0,135207879.734,2.9703,3.0084,3.3647,2.7538,WIF_USDT
2024-05-14 00:00:00+00:00,3.0084,2.7835,3.17,2.7648,4060210.0,120089198.223,3.0071,2.7835,3.17,2.7648,WIF_USDT
2024-05-15 00:00:00+00:00,2.7835,3.0458,3.0935,2.739,4437309.0,130606196.001,2.7836,3.0458,3.0935,2.739,WIF_USDT
2024-05-16 00:00:00+00:00,3.0458,2.841,3.1468,2.738,3027730.0,87895901.567,3.0479,2.841,3.1468,2.738,WIF_USDT
2024-05-17 00:00:00+00:00,2.841,2.7919,2.9601,2.7724,2451282.0,69796308.739,2.8406,2.7919,2.9601,2.7724,WIF_USDT
2024-05-18 00:00:00+00:00,2.7919,2.5555,2.8329,2.5043,5550401.0,145714121.717,2.792,2.5555,2.8329,2.5043,WIF_USDT
2024-05-19 00:00:00+00:00,2.5555,2.5302,2.6274,2.4169,4204281.0,106393109.036,2.5553,2.5302,2.6274,2.4169,WIF_USDT
2024-05-20 00:00:00+00:00,2.5302,2.8225,2.8714,2.4961,5491000.0,148655730.716,2.529,2.8225,2.8714,2.4961,WIF_USDT
2024-05-21 00:00:00+00:00,2.8225,2.7536,2.9087,2.6524,4008703.0,111663798.077,2.824,2.7536,2.9087,2.6524,WIF_USDT
2024-05-22 00:00:00+00:00,2.7536,3.0358,3.2812,2.7269,7094175.0,212232237.879,2.7534,3.0358,3.2812,2.7269,WIF_USDT
2024-05-23 00:00:00+00:00,3.0358,2.9264,3.06,2.6346,4059088.0,118194532.431,3.0377,2.9264,3.06,2.6346,WIF_USDT
2024-05-24 00:00:00+00:00,2.9264,2.8699,2.9442,2.7203,2164600.0,61230362.766,2.926,2.8699,2.9442,2.7203,WIF_USDT
2024-05-25 00:00:00+00:00,2.8699,3.0935,3.1057,2.8435,2221434.0,66412796.883,2.87,3.0935,3.1057,2.8435,WIF_USDT
2024-05-26 00:00:00+00:00,3.0935,2.9536,3.2483,2.9209,2863760.0,88469700.717,3.0932,2.9536,3.2483,2.9209,WIF_USDT
2024-05-27 00:00:00+00:00,2.9536,3.4019,3.451,2.944,3285588.0,106058551.671,2.9533,3.4019,3.451,2.944,WIF_USDT
2024-05-28 00:00:00+00:00,3.4019,3.7789,3.85,3.1665,4891969.0,174403614.768,3.4025,3.7789,3.85,3.1665,WIF_USDT
2024-05-29 00:00:00+00:00,3.7789,3.679,4.0808,3.6716,4173778.0,160652099.88,3.7782,3.679,4.0808,3.6716,WIF_USDT
2024-05-30 00:00:00+00:00,3.679,3.3691,3.8047,3.3185,4194550.0,147316625.014,3.6828,3.3691,3.8047,3.3185,WIF_USDT
2024-05-31 00:00:00+00:00,3.3691,3.3074,3.5588,3.1737,4443760.0,149806659.346,3.367,3.3074,3.5588,3.1737,WIF_USDT
2024-06-01 00:00:00+00:00,3.3074,3.2785,3.4539,3.2623,2520802.0,84825047.384,3.3074,3.2785,3.4539,3.2623,WIF_USDT
2024-06-02 00:00:00+00:00,3.2785,3.201,3.3636,3.1023,3375704.0,109001667.559,3.2783,3.201,3.3636,3.1023,WIF_USDT
2024-06-03 00:00:00+00:00,3.201,3.2684,3.5186,3.0725,4052402.0,135602829.609,3.2011,3.2684,3.5186,3.0725,WIF_USDT
2024-06-04 00:00:00+00:00,3.2684,3.4116,3.5064,3.1962,2748019.0,91744126.381,3.2659,3.4116,3.5064,3.1962,WIF_USDT
2024-06-05 00:00:00+00:00,3.4116,3.3947,3.5899,3.3483,3186421.0,110301858.879,3.4115,3.3947,3.5899,3.3483,WIF_USDT
2024-06-06 00:00:00+00:00,3.3947,3.2335,3.4548,3.2129,2445473.0,81552528.929,3.3948,3.2335,3.4548,3.2129,WIF_USDT
2024-06-07 00:00:00+00:00,3.2335,2.8594,3.3432,2.53,4095090.0,124860859.578,3.2345,2.8594,3.3432,2.53,WIF_USDT
2024-06-08 00:00:00+00:00,2.8594,2.7077,2.9356,2.6504,2528053.0,69897961.287,2.856,2.7077,2.9356,2.6504,WIF_USDT
2024-06-09 00:00:00+00:00,2.7077,2.776,2.8156,2.6429,1695285.0,46248631.589,2.708,2.776,2.8156,2.6429,WIF_USDT
2024-06-10 00:00:00+00:00,2.776,2.6944,2.9142,2.6488,2825286.0,77826593.598,2.7751,2.6944,2.9142,2.6488,WIF_USDT
2024-06-11 00:00:00+00:00,2.6944,2.5447,2.7362,2.3864,3435547.0,88347699.338,2.6946,2.5447,2.7362,2.3864,WIF_USDT
2024-06-12 00:00:00+00:00,2.5447,2.666,2.9039,2.4367,3758795.0,101003820.077,2.5454,2.666,2.9039,2.4367,WIF_USDT
2024-06-13 00:00:00+00:00,2.666,2.385,2.666,2.3565,2854393.0,71076944.42,2.6618,2.385,2.6618,2.3565,WIF_USDT
2024-06-14 00:00:00+00:00,2.385,2.3408,2.4907,2.2048,2768812.0,65044567.023,2.3855,2.3408,2.4907,2.2048,WIF_USDT
2024-06-15 00:00:00+00:00,2.3408,2.4283,2.4607,2.3031,2176049.0,51951940.523,2.3416,2.4283,2.4607,2.3031,WIF_USDT
2024-06-16 00:00:00+00:00,2.4283,2.6056,2.6366,2.3617,2503831.0,63276090.967,2.4188,2.6056,2.6366,2.3617,WIF_USDT
2024-06-17 00:00:00+00:00,2.6056,2.3054,2.6433,2.2227,2909062.0,70033923.565,2.6056,2.3054,2.6433,2.2227,WIF_USDT
2024-06-18 00:00:00+00:00,2.3054,2.0663,2.3251,1.8801,4954801.0,100345532.633,2.3079,2.0663,2.3251,1.8801,WIF_USDT
2024-06-19 00:00:00+00:00,2.0663,2.0267,2.1623,1.9726,3895450.0,80090178.035,2.0657,2.0267,2.1623,1.9726,WIF_USDT
2024-06-20 00:00:00+00:00,2.0267,1.9529,2.1875,1.9461,3618118.0,74071002.334,2.0269,1.9529,2.1875,1.9461,WIF_USDT
2024-06-21 00:00:00+00:00,1.9529,1.76,1.9831,1.7324,5125844.0,94474282.888,1.9522,1.76,1.9831,1.7324,WIF_USDT
2024-06-22 00:00:00+00:00,1.76,1.7418,1.8182,1.7027,2753072.0,48917168.06,1.7599,1.7418,1.8182,1.7027,WIF_USDT
2024-06-23 00:00:00+00:00,1.7418,1.5857,1.8051,1.5735,4322213.0,72392391.157,1.7426,1.5857,1.8051,1.5735,WIF_USDT
2024-06-24 00:00:00+00:00,1.5857,1.8261,1.8583,1.4661,9047770.0,148905310.654,1.5851,1.8261,1.8583,1.4661,WIF_USDT
2024-06-25 00:00:00+00:00,1.8261,2.0386,2.0852,1.8051,10377383.0,202069072.548,1.8262,2.0386,2.0852,1.8051,WIF_USDT
2024-06-26 00:00:00+00:00,2.0386,2.0064,2.1627,1.9089,5272007.0,106408163.888,2.0392,2.0064,2.1627,1.9089,WIF_USDT
2024-06-27 00:00:00+00:00,2.0064,2.1149,2.2591,1.9655,5575222.0,116983444.876,2.0068,2.1149,2.2591,1.9655,WIF_USDT
2024-06-28 00:00:00+00:00,2.1149,1.982,2.146,1.8923,4323117.0,87001609.614,2.1147,1.982,2.146,1.8923,WIF_USDT
2024-06-29 00:00:00+00:00,1.982,2.0902,2.1752,1.9815,4470595.0,94418600.064,1.9815,2.0902,2.1752,1.9815,WIF_USDT
2024-06-30 00:00:00+00:00,2.0902,2.1971,2.2166,1.919,6499464.0,133850449.78,2.0906,2.1971,2.2166,1.919,WIF_USDT
2024-07-01 00:00:00+00:00,2.1971,2.2693,2.3543,2.1638,6746032.0,153001168.877,2.1969,2.2693,2.3543,2.1638,WIF_USDT
2024-07-02 00:00:00+00:00,2.2693,2.2054,2.3686,2.1564,4646804.0,103816410.53,2.269,2.2054,2.3686,2.1564,WIF_USDT
2024-07-03 00:00:00+00:00,2.2054,1.8096,2.2065,1.7919,6151340.0,120367501.459,2.2054,1.8096,2.2065,1.7919,WIF_USDT
2024-07-04 00:00:00+00:00,1.8096,1.7279,1.8961,1.7006,6225968.0,112371327.871,1.8097,1.7279,1.8961,1.7006,WIF_USDT
2024-07-05 00:00:00+00:00,1.7279,1.9202,1.9857,1.4819,8383652.0,146235268.876,1.7268,1.9202,1.9857,1.4819,WIF_USDT
2024-07-06 00:00:00+00:00,1.9202,2.0064,2.0637,1.8779,5047538.0,99731686.495,1.9195,2.0064,2.0637,1.8779,WIF_USDT
2024-07-07 00:00:00+00:00,2.0064,1.6644,2.0148,1.6459,5324132.0,96088533.982,2.0064,1.6644,2.0148,1.6459,WIF_USDT
2024-07-08 00:00:00+00:00,1.6644,1.6562,1.8156,1.5557,8288962.0,138843520.91,1.6656,1.6562,1.8156,1.5557,WIF_USDT
2024-07-09 00:00:00+00:00,1.6562,1.7023,1.7499,1.611,4558404.0,77311340.363,1.6554,1.7023,1.7499,1.611,WIF_USDT
2024-07-10 00:00:00+00:00,1.7023,1.6468,1.7823,1.6017,5072487.0,85130585.54,1.702,1.6468,1.7823,1.6017,WIF_USDT
2024-07-11 00:00:00+00:00,1.6468,1.5424,1.7334,1.4957,6045503.0,97178948.716,1.6453,1.5424,1.7334,1.4957,WIF_USDT
2024-07-12 00:00:00+00:00,1.5424,1.5669,1.6194,1.5231,5250429.0,82384438.704,1.5424,1.5669,1.6194,1.5231,WIF_USDT
2024-07-13 00:00:00+00:00,1.5669,1.6024,1.6442,1.5636,3249429.0,51878488.426,1.5667,1.6024,1.6442,1.5636,WIF_USDT
2024-07-14 00:00:00+00:00,1.6024,1.7309,1.7617,1.5994,4351100.0,73682647.681,1.6024,1.7309,1.7617,1.5994,WIF_USDT
2024-07-15 00:00:00+00:00,1.7309,2.1567,2.1744,1.7236,7691381.0,148586488.505,1.7295,2.1567,2.1744,1.7236,WIF_USDT
2024-07-16 00:00:00+00:00,2.1567,2.2034,2.3035,2.0607,10331420.0,225700786.31,2.1582,2.2034,2.3035,2.0607,WIF_USDT
2024-07-17 00:00:00+00:00,2.2034,2.1697,2.2981,2.0887,4361401.0,95531363.043,2.2031,2.1697,2.2981,2.0887,WIF_USDT
2024-07-18 00:00:00+00:00,2.1697,2.4381,2.4951,2.1695,7077055.0,166469246.532,2.1695,2.4381,2.4951,2.1695,WIF_USDT
2024-07-19 00:00:00+00:00,2.4381,2.543,2.5838,2.3112,6467862.0,159228014.735,2.4381,2.543,2.5838,2.3112,WIF_USDT
2024-07-20 00:00:00+00:00,2.543,2.6376,2.6772,2.4579,3928468.0,100792555.756,2.5435,2.6376,2.6772,2.4579,WIF_USDT
2024-07-21 00:00:00+00:00,2.6376,2.8227,2.8429,2.3998,4486377.0,117368113.335,2.6379,2.8227,2.8429,2.3998,WIF_USDT
2024-07-22 00:00:00+00:00,2.8227,2.7365,2.894,2.6773,4587101.0,128230424.642,2.8217,2.7365,2.894,2.6773,WIF_USDT
2024-07-23 00:00:00+00:00,2.7365,2.5537,2.7622,2.505,4273207.0,111432954.07,2.7355,2.5537,2.7622,2.505,WIF_USDT
2024-07-24 00:00:00+00:00,2.5537,2.4967,2.6812,2.453,3233483.0,83914992.536,2.5548,2.4967,2.6812,2.453,WIF_USDT
2024-07-25 00:00:00+00:00,2.4967,2.5143,2.5783,2.32,4444284.0,109940650.484,2.4965,2.5143,2.5783,2.32,WIF_USDT
2024-07-26 00:00:00+00:00,2.5143,2.665,2.6735,2.5019,2983383.0,77520545.282,2.5128,2.665,2.6735,2.5019,WIF_USDT
2024-07-27 00:00:00+00:00,2.665,2.4844,2.7021,2.4094,3084731.0,79336894.447,2.6631,2.4844,2.7021,2.4094,WIF_USDT
2024-07-28 00:00:00+00:00,2.4844,2.4104,2.5058,2.3838,1608971.0,39327287.435,2.4835,2.4104,2.5058,2.3838,WIF_USDT
2024-07-29 00:00:00+00:00,2.4104,2.2832,2.5655,2.2806,3248896.0,79552491.775,2.4104,2.2832,2.5655,2.2806,WIF_USDT
2024-07-30 00:00:00+00:00,2.2832,2.2862,2.3889,2.2481,2092319.0,48519354.508,2.2839,2.2862,2.3889,2.2481,WIF_USDT
2024-07-31 00:00:00+00:00,2.2862,2.1763,2.3517,2.1428,2785018.0,63053900.724,2.2862,2.1763,2.3517,2.1428,WIF_USDT
2024-08-01 00:00:00+00:00,2.1763,1.9611,2.1927,1.8195,5848712.0,115626359.957,2.1761,1.9611,2.1927,1.8195,WIF_USDT
2024-08-02 00:00:00+00:00,1.9611,1.6631,1.9824,1.6444,5182969.0,94939850.756,1.9601,1.6631,1.9824,1.6444,WIF_USDT
2024-08-03 00:00:00+00:00,1.6631,1.596,1.7356,1.5364,4466057.0,73245089.275,1.663,1.596,1.7356,1.5364,WIF_USDT
2024-08-04 00:00:00+00:00,1.596,1.4393,1.6336,1.3489,6852190.0,103196985.357,1.5959,1.4393,1.6336,1.3489,WIF_USDT
2024-08-05 00:00:00+00:00,1.4393,1.2607,1.4694,1.0663,10310495.0,128620261.379,1.4394,1.2607,1.4694,1.0663,WIF_USDT
2024-08-06 00:00:00+00:00,1.2607,1.4144,1.4739,1.2574,5139607.0,71932611.403,1.2615,1.4144,1.4739,1.2574,WIF_USDT
2024-08-07 00:00:00+00:00,1.4144,1.6062,1.7755,1.3688,10056190.0,166085960.292,1.4154,1.6062,1.7755,1.3688,WIF_USDT
2024-08-08 00:00:00+00:00,1.6062,1.9114,1.9459,1.5483,7561130.0,129842475.167,1.6008,1.9114,1.9459,1.5483,WIF_USDT
2024-08-09 00:00:00+00:00,1.9114,1.8185,1.9565,1.7601,5888935.0,107865831.834,1.9113,1.8185,1.9565,1.7601,WIF_USDT
2024-08-10 00:00:00+00:00,1.8185,1.8137,1.8592,1.7622,2730110.0,49206707.482,1.8184,1.8137,1.8592,1.7622,WIF_USDT
2024-08-11 00:00:00+00:00,1.8137,1.6273,1.8908,1.6239,4131707.0,72085802.849,1.8133,1.6273,1.8908,1.6239,WIF_USDT
2024-08-12 00:00:00+00:00,1.6273,1.7257,1.819,1.6235,4941654.0,85227872.045,1.6281,1.7257,1.819,1.6235,WIF_USDT
2024-08-13 00:00:00+00:00,1.7257,1.701,1.7482,1.6396,3767707.0,63526025.78,1.7261,1.701,1.7482,1.6396,WIF_USDT
2024-08-14 00:00:00+00:00,1.701,1.5736,1.7482,1.5592,3774935.0,61754911.765,1.7025,1.5736,1.7482,1.5592,WIF_USDT
2024-08-15 00:00:00+00:00,1.5736,1.4758,1.6025,1.4263,4215243.0,63991239.44,1.5735,1.4758,1.6025,1.4263,WIF_USDT
2024-08-16 00:00:00+00:00,1.4758,1.3912,1.504,1.3395,4722861.0,66702762.168,1.4754,1.3912,1.504,1.3395,WIF_USDT
2024-08-17 00:00:00+00:00,1.3912,1.4188,1.4577,1.3604,3530692.0,49771595.211,1.3913,1.4188,1.4577,1.3604,WIF_USDT
2024-08-18 00:00:00+00:00,1.4188,1.3909,1.4769,1.3854,3347262.0,47814855.088,1.4189,1.3909,1.4769,1.3854,WIF_USDT
2024-08-19 00:00:00+00:00,1.3909,1.4355,1.4431,1.3252,3945815.0,54466123.143,1.3909,1.4355,1.4431,1.3252,WIF_USDT
2024-08-20 00:00:00+00:00,1.4355,1.5537,1.6201,1.4151,5346919.0,82555029.957,1.4356,1.5537,1.6201,1.4151,WIF_USDT
2024-08-21 00:00:00+00:00,1.5537,1.561,1.6087,1.4687,4617903.0,70896187.905,1.5535,1.561,1.6087,1.4687,WIF_USDT
2024-08-22 00:00:00+00:00,1.561,1.6187,1.6578,1.5264,3474954.0,55869656.036,1.5611,1.6187,1.6578,1.5264,WIF_USDT
2024-08-23 00:00:00+00:00,1.6187,1.8413,1.8879,1.5913,5003972.0,85182456.262,1.6183,1.8413,1.8879,1.5913,WIF_USDT
2024-08-24 00:00:00+00:00,1.8413,1.9672,2.0344,1.7872,4491703.0,86501348.544,1.8424,1.9672,2.0344,1.7872,WIF_USDT
2024-08-25 00:00:00+00:00,1.9672,1.9036,1.9695,1.8448,3647454.0,69727042.892,1.9669,1.9036,1.9695,1.8448,WIF_USDT
2024-08-26 00:00:00+00:00,1.9036,1.769,1.9467,1.7652,3939956.0,73296388.283,1.9037,1.769,1.9467,1.7652,WIF_USDT
2024-08-27 00:00:00+00:00,1.769,1.572,1.8229,1.5486,4615167.0,78053133.479,1.7689,1.572,1.8229,1.5486,WIF_USDT
2024-08-28 00:00:00+00:00,1.572,1.582,1.6582,1.481,4828226.0,75880573.756,1.5711,1.582,1.6582,1.481,WIF_USDT
2024-08-29 00:00:00+00:00,1.582,1.5384,1.6907,1.5212,3641169.0,57947223.293,1.5824,1.5384,1.6907,1.5212,WIF_USDT
2024-08-30 00:00:00+00:00,1.5384,1.5444,1.5737,1.4352,3577841.0,54327037.874,1.5375,1.5444,1.5737,1.4352,WIF_USDT
2024-08-31 00:00:00+00:00,1.5444,1.5169,1.5775,1.5004,2441324.0,37347156.59,1.5437,1.5169,1.5775,1.5004,WIF_USDT
2024-09-01 00:00:00+00:00,1.5169,1.3963,1.5247,1.3792,3337623.0,48884264.661,1.5167,1.3963,1.5247,1.3792,WIF_USDT
2024-09-02 00:00:00+00:00,1.3963,1.5397,1.5586,1.3834,4724833.0,69345738.291,1.3936,1.5397,1.5586,1.3834,WIF_USDT
2024-09-03 00:00:00+00:00,1.5397,1.4914,1.6365,1.4873,6278037.0,97793425.149,1.539,1.4914,1.6365,1.4873,WIF_USDT
2024-09-04 00:00:00+00:00,1.4914,1.6392,1.6463,1.419,6184438.0,95173497.093,1.4915,1.6392,1.6463,1.419,WIF_USDT
2024-09-05 00:00:00+00:00,1.6392,1.5307,1.6392,1.5024,3986385.0,62452135.863,1.6356,1.5307,1.6366,1.5024,WIF_USDT
2024-09-06 00:00:00+00:00,1.5307,1.4891,1.604,1.3987,5954406.0,89827250.289,1.5305,1.4891,1.604,1.3987,WIF_USDT
2024-09-07 00:00:00+00:00,1.4891,1.4778,1.5349,1.4609,3062366.0,45985518.772,1.4881,1.4778,1.5349,1.4609,WIF_USDT
2024-09-08 00:00:00+00:00,1.4778,1.5705,1.5915,1.4702,2480313.0,37741738.881,1.4787,1.5705,1.5915,1.4702,WIF_USDT
2024-09-09 00:00:00+00:00,1.5705,1.6699,1.7682,1.5124,4913420.0,78530688.321,1.5708,1.6699,1.7682,1.5124,WIF_USDT
2024-09-10 00:00:00+00:00,1.6699,1.646,1.7171,1.621,4290742.0,71385049.717,1.67,1.646,1.7171,1.621,WIF_USDT
2024-09-11 00:00:00+00:00,1.646,1.5408,1.6499,1.4967,3867913.0,60343511.817,1.6463,1.5408,1.6499,1.4967,WIF_USDT
2024-09-12 00:00:00+00:00,1.5408,1.5592,1.5963,1.5148,3800093.0,58710407.375,1.5394,1.5592,1.5963,1.5148,WIF_USDT
2024-09-13 00:00:00+00:00,1.5592,1.6339,1.6629,1.5044,4323069.0,68087303.843,1.5591,1.6339,1.6629,1.5044,WIF_USDT
2024-09-14 00:00:00+00:00,1.6339,1.5645,1.6448,1.549,2507425.0,39986509.947,1.6355,1.5645,1.6448,1.549,WIF_USDT
2024-09-15 00:00:00+00:00,1.5645,1.5007,1.5972,1.4823,3118233.0,48451933.749,1.5659,1.5007,1.5972,1.4823,WIF_USDT
2024-09-16 00:00:00+00:00,1.5007,1.5081,1.5196,1.4479,3883151.0,57857420.817,1.4999,1.5081,1.5196,1.4479,WIF_USDT
2024-09-17 00:00:00+00:00,1.5081,1.5355,1.5808,1.4905,3233252.0,49417118.932,1.5081,1.5355,1.5808,1.4905,WIF_USDT
2024-09-18 00:00:00+00:00,1.5355,1.6165,1.6237,1.4453,4107405.0,62092178.109,1.5356,1.6165,1.6237,1.4453,WIF_USDT
2024-09-19 00:00:00+00:00,1.6165,1.7729,1.819,1.5924,5545645.0,94801132.3,1.617,1.7729,1.819,1.5924,WIF_USDT
2024-09-20 00:00:00+00:00,1.7729,1.779,1.9052,1.727,4328662.0,78164691.935,1.7725,1.779,1.9052,1.727,WIF_USDT
2024-09-21 00:00:00+00:00,1.779,1.7749,1.784,1.6666,2814346.0,48795571.759,1.7788,1.7749,1.784,1.6666,WIF_USDT
2024-09-22 00:00:00+00:00,1.7749,1.692,1.781,1.6228,2687751.0,45651778.674,1.7756,1.692,1.781,1.6228,WIF_USDT
2024-09-23 00:00:00+00:00,1.692,1.7432,1.7888,1.6748,5363788.0,92619910.801,1.694,1.7432,1.7888,1.6748,WIF_USDT
2024-09-24 00:00:00+00:00,1.7432,1.9912,2.0398,1.7019,10643030.0,203407283.081,1.7431,1.9912,2.0398,1.7019,WIF_USDT
2024-09-25 00:00:00+00:00,1.9912,2.0194,2.1369,1.9634,8679939.0,176979662.557,1.9912,2.0194,2.1369,1.9634,WIF_USDT
2024-09-26 00:00:00+00:00,2.0194,2.2089,2.2937,1.9842,10685934.0,233887665.232,2.0193,2.2089,2.2937,1.9842,WIF_USDT
2024-09-27 00:00:00+00:00,2.2089,2.2639,2.4275,2.1866,9853152.0,228569496.051,2.2079,2.2639,2.4275,2.1866,WIF_USDT
2024-09-28 00:00:00+00:00,2.2639,2.3675,2.3791,2.2075,5783696.0,132793824.562,2.2655,2.3675,2.3791,2.2075,WIF_USDT
2024-09-29 00:00:00+00:00,2.3675,2.4525,2.5792,2.2484,7132205.0,170097788.911,2.3692,2.4525,2.5792,2.2484,WIF_USDT
2024-09-30 00:00:00+00:00,2.4525,2.4602,2.6412,2.3325,13348967.0,326994144.515,2.4531,2.4602,2.6412,2.3325,WIF_USDT
2024-10-01 00:00:00+00:00,2.4602,2.2989,2.5989,2.155,15463717.0,369933639.32,2.4594,2.2989,2.5989,2.155,WIF_USDT
2024-10-02 00:00:00+00:00,2.2989,2.205,2.493,2.097,10260758.0,234840023.123,2.2961,2.205,2.493,2.097,WIF_USDT
2024-10-03 00:00:00+00:00,2.205,2.0358,2.2957,1.9673,9900521.0,207021750.835,2.2049,2.0358,2.2957,1.9673,WIF_USDT
2024-10-04 00:00:00+00:00,2.0358,2.29,2.3637,2.0011,9203706.0,203086573.89,2.0363,2.29,2.3637,2.0011,WIF_USDT
2024-10-05 00:00:00+00:00,2.29,2.2491,2.3878,2.1874,5343904.0,122876205.975,2.2912,2.2491,2.3878,2.1874,WIF_USDT
2024-10-06 00:00:00+00:00,2.2491,2.562,2.5828,2.2155,6203524.0,148460435.507,2.2513,2.562,2.5828,2.2155,WIF_USDT
2024-10-07 00:00:00+00:00,2.562,2.5273,2.8051,2.5259,10623530.0,283076256.482,2.5601,2.5273,2.8051,2.5259,WIF_USDT
2024-10-08 00:00:00+00:00,2.5273,2.457,2.6011,2.4207,6411727.0,159922861.431,2.5277,2.457,2.6011,2.4207,WIF_USDT
2024-10-09 00:00:00+00:00,2.457,2.325,2.5591,2.3007,6610777.0,159991096.909,2.4565,2.325,2.5591,2.3007,WIF_USDT
2024-10-10 00:00:00+00:00,2.325,2.4327,2.4585,2.2161,9213541.0,216806570.617,2.3242,2.4327,2.4585,2.2161,WIF_USDT
2024-10-11 00:00:00+00:00,2.4327,2.7541,2.8154,2.4169,10156636.0,267143896.202,2.4336,2.7541,2.8154,2.4169,WIF_USDT
2024-10-12 00:00:00+00:00,2.7541,2.668,2.8235,2.6604,6613763.0,180748621.051,2.7576,2.668,2.8235,2.6604,WIF_USDT
2024-10-13 00:00:00+00:00,2.668,2.7698,2.8034,2.6616,1056953.0,29033229.957,2.6684,2.7698,2.8034,2.6616,WIF_USDT
